waveform_id,start_s,end_s
evid00002,2769.056603773585,2789.8867924528304
evid00002,7504.0,7520.905660377359
evid00002,9750.943396226416,9763.32075471698
evid00002,9955.77358490566,9972.377358490567
evid00002,10218.415094339623,10228.67924528302
evid00002,10297.811320754718,10309.584905660377
evid00002,10412.22641509434,10422.792452830188
evid00002,10512.905660377359,10522.867924528302
evid00002,10688.452830188678,10718.33962264151
evid00002,10785.056603773584,10807.245283018869
evid00002,10926.188679245282,10942.188679245282
evid00002,11077.132075471698,11093.132075471698
evid00002,11186.566037735849,11200.0
evid00002,11283.471698113208,11296.905660377359
evid00002,11419.77358490566,11440.603773584906
evid00002,11481.962264150943,11493.88679245283
evid00002,11569.66037735849,11583.094339622641
evid00002,13261.132075471698,13281.962264150943
evid00002,14518.33962264151,14532.075471698114
evid00002,14783.698113207547,14795.924528301886
evid00002,15079.396226415094,15090.716981132075
evid00002,15367.547169811322,15387.77358490566
evid00002,15585.509433962265,15609.207547169812
evid00002,17006.490566037737,17024.603773584906
evid00002,20334.490566037737,20350.490566037737
evid00002,21586.716981132075,21599.245283018867
evid00002,22096.45283018868,22109.283018867925
evid00002,23403.924528301886,23416.754716981133
evid00002,25015.396226415094,25025.35849056604
evid00002,25045.43396226415,25281.509433962263
evid00002,25291.622641509435,25311.54716981132
evid00002,27111.245283018867,27124.528301886792
evid00002,27254.33962264151,27267.622641509435
evid00002,29160.754716981133,29171.622641509435
evid00002,29190.79245283019,33034.71698113208
evid00002,34707.92452830189,34721.20754716981
evid00002,35124.377358490565,35139.622641509435
evid00002,35489.811320754714,35508.52830188679
evid00002,35627.92452830189,35643.32075471698
evid00002,35943.3962264151,35959.24528301887
evid00002,36531.92452830189,36544.45283018868
evid00002,36788.83018867925,36801.50943396227
evid00002,37486.79245283019,37497.20754716981
evid00002,43336.90566037736,43349.43396226415
evid00002,51358.64150943396,51371.47169811321
evid00002,51675.47169811321,51688.301886792455
evid00002,52460.07547169811,52477.58490566038
evid00002,52584.75471698113,52601.20754716981
evid00002,52952.75471698113,52963.018867924526
evid00002,53077.43396226415,53094.64150943396
evid00002,54752.6037735849,54762.8679245283
evid00002,55135.54716981132,55146.8679245283
evid00002,55211.47169811321,55225.660377358494
evid00002,55463.09433962264,55476.67924528302
evid00002,68513.81132075471,68524.07547169812
evid00002,72817.6603773585,72830.3396226415
evid00002,76871.24528301887,76881.81132075471
evid00002,78716.22641509434,78729.35849056604
evid00002,83607.54716981133,83620.07547169812
evid00002,85491.47169811321,85504.15094339622
evid00003,16397.735849056604,16410.56603773585
evid00003,16659.622641509435,16672.30188679245
evid00003,18015.396226415094,18027.471698113208
evid00003,30145.509433962263,30158.33962264151
evid00003,30291.01886792453,30303.54716981132
evid00003,31318.64150943396,31335.245283018867
evid00003,35643.47169811321,35656.75471698113
evid00003,38644.377358490565,38661.1320754717
evid00003,42089.96226415094,42106.71698113208
evid00003,43343.3962264151,43360.15094339623
evid00003,43890.41509433962,43907.16981132075
evid00003,44082.41509433962,44095.698113207545
evid00003,44969.660377358494,44981.58490566038
evid00003,45037.735849056604,45050.8679245283
evid00003,45128.75471698113,45145.056603773584
evid00003,45296.15094339623,45309.28301886792
evid00003,45517.1320754717,45530.264150943396
evid00003,45570.41509433962,45583.3962264151
evid00003,46404.52830188679,46417.811320754714
evid00003,46534.943396226416,46548.22641509434
evid00003,46742.64150943396,46755.92452830189
evid00003,47154.71698113208,47164.981132075474
evid00003,47315.622641509435,47328.90566037736
evid00003,47449.96226415094,47462.03773584906
evid00003,47468.67924528302,47480.90566037736
evid00003,47650.8679245283,47664.0
evid00003,47673.660377358494,47686.339622641506
evid00003,48056.6037735849,48076.67924528302
evid00003,49243.47169811321,49260.22641509434
evid00003,49801.35849056604,49812.67924528302
evid00003,79250.56603773584,79263.24528301887
evid00003,79394.71698113208,79407.39622641509
evid00003,79519.84905660378,79532.67924528301
evid00003,79729.2075471698,79742.18867924529
evid00003,80758.64150943396,80771.92452830188
evid00003,81600.45283018867,81617.05660377358
evid00003,85108.37735849057,85120.60377358491
evid00003,85127.24528301887,85139.47169811321
evid00003,85510.94339622642,85527.24528301887
evid00004,1351.698113207547,1364.5283018867924
evid00004,1509.132075471698,1522.1132075471698
evid00004,1634.2641509433963,1647.0943396226414
evid00004,1797.7358490566037,1810.4150943396226
evid00004,3446.7924528301887,3459.0188679245284
evid00004,3465.6603773584907,3477.8867924528304
evid00004,9605.283018867925,9617.509433962265
evid00004,9624.150943396226,9636.377358490567
evid00004,11180.075471698114,11192.603773584906
evid00004,18842.415094339623,18854.64150943396
evid00004,18861.132075471698,18873.509433962263
evid00004,19603.622641509435,19616.603773584906
evid00004,19950.188679245282,19963.169811320753
evid00004,20221.283018867925,20234.56603773585
evid00004,20456.150943396227,20469.132075471698
evid00004,21981.43396226415,22957.88679245283
evid00004,24216.45283018868,24229.43396226415
evid00004,32506.867924528302,32520.150943396227
evid00004,35413.43396226415,35426.71698113208
evid00004,41308.22641509434,41320.45283018868
evid00004,41327.09433962264,41339.32075471698
evid00004,42174.03773584906,42186.41509433962
evid00004,42236.83018867925,42249.50943396227
evid00004,42361.811320754714,42374.64150943396
evid00004,42535.54716981132,42548.52830188679
evid00004,44871.698113207545,44884.07547169811
evid00004,44926.64150943396,44939.16981132075
evid00004,46193.35849056604,46205.58490566038
evid00004,46212.07547169811,46224.6037735849
evid00004,78245.28301886792,78257.81132075471
evid00004,78263.24528301887,78273.35849056604
evid00004,78274.11320754717,78286.64150943396
evid00004,83202.71698113208,83219.62264150943
evid00004,83341.1320754717,83352.90566037736
evid00004,83807.39622641509,83819.92452830188
evid00006,14518.188679245282,14531.32075471698
evid00006,32384.603773584906,32396.830188679247
evid00006,34503.698113207545,34517.28301886792
evid00006,34517.88679245283,34531.32075471698
evid00006,50515.32075471698,50527.84905660377
evid00006,51676.52830188679,51689.056603773584
evid00006,52832.75471698113,52845.43396226415
evid00006,59789.735849056604,59801.96226415094
evid00006,59808.6037735849,59820.83018867925
evid00006,76345.6603773585,76356.98113207547
evid00006,76357.1320754717,76368.60377358491
evid00006,86205.43396226416,86217.6603773585
evid00006,86224.30188679245,86236.67924528301
evid00007,17842.11320754717,17853.88679245283
evid00007,22958.188679245282,22971.471698113208
evid00007,38091.622641509435,38103.09433962264
evid00007,45995.92452830189,46008.15094339623
evid00007,46014.79245283019,46027.018867924526
evid00007,49672.90566037736,49685.1320754717
evid00007,49691.77358490566,49704.0
evid00007,51676.377358490565,51688.90566037736
evid00007,57962.264150943396,57974.64150943396
evid00007,58882.11320754717,58898.41509433962
evid00007,60701.58490566038,60713.96226415094
evid00007,67254.18867924529,67266.56603773584
evid00007,67272.90566037736,67285.7358490566
evid00007,68251.01886792453,68263.39622641509
evid00007,68269.7358490566,68282.41509433962
evid00007,85825.81132075471,85838.3396226415
evid00008,1547.3207547169811,1565.5849056603774
evid00008,1836.377358490566,1850.1132075471698
evid00008,13073.358490566037,13085.735849056604
evid00008,13128.301886792453,13140.981132075472
evid00008,16373.132075471698,16390.64150943396
evid00008,23750.188679245282,23762.264150943396
evid00008,38225.96226415094,38245.58490566038
evid00008,38404.83018867925,38418.264150943396
evid00008,38518.49056603773,38531.92452830189
evid00008,38642.11320754717,38652.981132075474
evid00008,38715.92452830189,38731.92452830189
evid00008,38778.71698113208,38794.264150943396
evid00008,38794.41509433962,38804.377358490565
evid00008,38862.339622641506,38873.50943396227
evid00008,38976.90566037736,38987.77358490566
evid00008,39222.79245283019,39234.264150943396
evid00008,39288.301886792455,39300.22641509434
evid00008,39387.77358490566,39399.698113207545
evid00008,39602.11320754717,39616.45283018868
evid00008,39866.264150943396,39879.698113207545
evid00008,40038.339622641506,40051.622641509435
evid00008,40332.377358490565,40344.90566037736
evid00008,40423.698113207545,40433.660377358494
evid00008,40461.1320754717,40474.8679245283
evid00008,40528.0,40543.09433962264
evid00008,40646.188679245286,40665.660377358494
evid00008,40868.22641509434,40885.58490566038
evid00008,40977.20754716981,40993.20754716981
evid00008,41251.92452830189,41265.35849056604
evid00008,41355.77358490566,41373.1320754717
evid00008,41512.15094339623,41537.50943396227
evid00008,41627.47169811321,41644.07547169811
evid00008,41738.71698113208,41754.56603773585
evid00008,41816.15094339623,41836.22641509434
evid00008,41982.03773584906,41997.88679245283
evid00008,42458.11320754717,42471.54716981132
evid00008,42643.47169811321,42749.58490566038
evid00008,42939.77358490566,42951.09433962264
evid00008,42960.15094339623,42972.67924528302
evid00008,43152.6037735849,43166.49056603773
evid00008,43371.622641509435,43392.6037735849
evid00008,43609.35849056604,43693.58490566038
evid00008,43883.32075471698,43896.75471698113
evid00008,44063.24528301887,44088.45283018868
evid00008,44196.22641509434,44225.96226415094
evid00008,44311.09433962264,44327.09433962264
evid00008,44487.84905660377,44501.735849056604
evid00008,44704.6037735849,44717.88679245283
evid00008,44788.22641509434,44804.22641509434
evid00008,45331.32075471698,45347.92452830189
evid00008,45459.622641509435,45475.77358490566
evid00008,45857.96226415094,45873.811320754714
evid00008,45932.22641509434,45948.07547169811
evid00008,46135.84905660377,46150.943396226416
evid00008,46385.660377358494,46398.943396226416
evid00008,46704.0,46714.41509433962
evid00008,46837.88679245283,46849.96226415094
evid00008,47194.11320754717,47206.03773584906
evid00008,47265.660377358494,47276.22641509434
evid00008,47662.339622641506,47675.16981132075
evid00008,47758.64150943396,47768.6037735849
evid00008,47966.188679245286,47976.45283018868
evid00008,51117.1320754717,51129.35849056604
evid00008,51135.24528301887,51147.622641509435
evid00008,51677.1320754717,51689.660377358494
evid00008,54252.377358490565,54269.88679245283
evid00008,57974.188679245286,57987.32075471698
evid00008,57987.92452830189,58001.20754716981
evid00008,59692.07547169811,59702.64150943396
evid00008,62625.660377358494,62638.03773584906
evid00008,62644.377358490565,62656.90566037736
evid00009,4522.264150943396,4534.792452830188
evid00009,27638.490566037737,27650.867924528302
evid00009,29706.264150943396,29723.169811320753
evid00009,47780.07547169811,47792.301886792455
evid00009,47799.54716981132,47811.622641509435
evid00009,48720.0,48732.07547169811
evid00009,86392.60377358491,86403.32075471699
evid00010,12306.566037735849,12318.792452830188
evid00010,12325.433962264151,12337.66037735849
evid00010,17137.509433962263,17147.77358490566
evid00010,44997.28301886792,45008.45283018868
evid00010,45955.77358490566,45967.24528301887
evid00010,51672.90566037736,51684.981132075474
evid00010,57319.54716981132,57332.52830188679
evid00010,57484.377358490565,57497.35849056604
evid00010,67611.32075471699,67624.0
evid00010,77819.62264150943,77832.15094339622
evid00010,77880.60377358491,77893.28301886792
evid00013,12896.754716981131,12908.830188679245
evid00013,12950.037735849057,12961.358490566037
evid00013,51675.47169811321,51686.79245283019
evid00013,59846.79245283019,59859.47169811321
evid00013,59996.07547169811,60012.83018867925
evid00013,64550.03773584906,64571.92452830189
evid00013,71991.69811320755,72003.16981132075
evid00013,76897.2075471698,76907.47169811321
evid00014,3445.735849056604,3458.264150943396
evid00014,6628.830188679245,6641.358490566037
evid00014,9595.77358490566,9608.150943396226
evid00014,16394.264150943396,16406.188679245282
evid00014,16527.849056603773,16547.622641509435
evid00014,16631.54716981132,16643.924528301886
evid00014,16757.43396226415,16768.45283018868
evid00014,16768.603773584906,16779.01886792453
evid00014,16783.245283018867,16797.584905660377
evid00014,17083.924528301886,17099.924528301886
evid00014,17183.396226415094,17198.64150943396
evid00014,19786.716981132075,19799.54716981132
evid00014,19897.66037735849,19910.490566037737
evid00014,20181.43396226415,20194.716981132075
evid00014,21878.188679245282,21890.415094339623
evid00014,21896.905660377357,21909.283018867925
evid00014,28949.132075471698,28965.584905660377
evid00014,34417.50943396227,34429.58490566038
evid00014,36707.47169811321,36719.24528301887
evid00014,36719.3962264151,36731.622641509435
evid00014,49460.83018867925,49476.52830188679
evid00014,53541.43396226415,53554.264150943396
evid00014,53650.71698113208,53660.981132075474
evid00014,58013.735849056604,58026.41509433962
evid00014,58136.301886792455,58152.90566037736
evid00014,59490.71698113208,59504.0
evid00014,59617.20754716981,59634.11320754717
evid00014,59744.0,59755.622641509435
evid00014,63837.58490566038,63849.20754716981
evid00014,70866.11320754717,70878.64150943396
evid00014,77593.35849056604,77605.7358490566
evid00014,78892.67924528301,78908.67924528301
evid00014,79350.3396226415,79367.09433962264
evid00014,79615.39622641509,79628.52830188679
evid00014,79684.67924528301,79697.50943396226
evid00014,85689.50943396226,85706.11320754717
evid00015,10208.452830188678,10220.830188679245
evid00015,10227.169811320755,10240.0
evid00015,10431.396226415094,10442.716981132075
evid00015,11470.943396226416,11481.358490566037
evid00015,11583.396226415094,11595.77358490566
evid00015,15569.962264150943,15582.33962264151
evid00015,15588.67924528302,15601.358490566037
evid00015,15791.849056603774,15804.67924528302
evid00015,16589.88679245283,16606.64150943396
evid00015,16866.264150943396,16878.490566037737
evid00015,16884.98113207547,16897.509433962263
evid00015,20107.32075471698,20118.188679245282
evid00015,20118.33962264151,20130.56603773585
evid00015,39705.056603773584,39721.50943396227
evid00015,51673.660377358494,51684.981132075474
evid00015,53887.3962264151,53902.188679245286
evid00015,53979.77358490566,53992.301886792455
evid00015,64204.67924528302,64216.90566037736
evid00015,64291.018867924526,64302.943396226416
evid00015,64306.11320754717,64318.03773584906
evid00015,64970.41509433962,64980.377358490565
evid00015,65355.16981132075,65365.1320754717
evid00015,65436.83018867925,65452.377358490565
evid00015,65554.56603773584,65566.3396226415
evid00015,66004.98113207547,66030.49056603774
evid00015,66218.41509433962,66230.3396226415
evid00015,66746.8679245283,66758.94339622642
evid00015,66836.67924528301,66850.8679245283
evid00015,66921.35849056604,66936.60377358491
evid00015,67407.39622641509,67417.50943396226
evid00015,67549.28301886792,67561.05660377358
evid00015,67682.8679245283,67696.30188679245
evid00015,67784.45283018867,67796.37735849057
evid00015,67851.16981132075,67883.32075471699
evid00015,67997.28301886792,68012.22641509434
evid00015,68483.01886792453,68497.6603773585
evid00015,68574.94339622642,68590.7924528302
evid00015,68977.35849056604,68989.88679245283
evid00015,69052.83018867925,69063.09433962264
evid00015,69306.71698113208,69330.11320754717
evid00015,69398.18867924529,69409.35849056604
evid00015,69433.05660377358,69454.03773584905
evid00015,69685.7358490566,69697.6603773585
evid00015,69771.92452830188,69785.35849056604
evid00015,69829.28301886792,69841.2075471698
evid00015,69925.1320754717,69948.52830188679
evid00015,70340.67924528301,70353.96226415095
evid00015,70362.56603773584,70374.49056603774
evid00015,70521.81132075471,70537.35849056604
evid00015,70654.49056603774,70665.05660377358
evid00015,70709.28301886792,70722.56603773584
evid00015,70897.81132075471,70913.96226415095
evid00015,71163.01886792453,71181.28301886792
evid00015,71284.52830188679,71298.56603773584
evid00015,71767.69811320755,71780.67924528301
evid00015,72110.18867924529,72120.60377358491
evid00015,72209.50943396226,72222.94339622642
evid00015,72755.01886792453,72765.58490566038
evid00015,72833.6603773585,72845.7358490566
evid00015,72901.28301886792,72913.2075471698
evid00015,72924.22641509434,72937.50943396226
evid00015,73095.69811320755,73109.1320754717
evid00015,73288.0,73301.1320754717
evid00015,73516.22641509434,73530.11320754717
evid00015,73908.22641509434,73919.09433962264
evid00015,74093.28301886792,74107.16981132075
evid00015,74113.81132075471,74128.90566037736
evid00015,74195.77358490566,74209.50943396226
evid00015,74275.01886792453,74287.69811320755
evid00015,74294.03773584905,74314.71698113208
evid00015,74418.2641509434,74430.64150943396
evid00015,74433.81132075471,74446.94339622642
evid00015,74691.01886792453,74702.94339622642
evid00015,75042.56603773584,75052.83018867925
evid00015,75162.41509433962,75182.7924528302
evid00015,75265.35849056604,75277.1320754717
evid00015,75571.62264150943,75584.45283018867
evid00015,75834.71698113208,75852.98113207547
evid00015,75975.09433962264,75985.2075471698
evid00015,76179.77358490566,76193.35849056604
evid00015,76257.96226415095,76273.96226415095
evid00015,76776.60377358491,76788.67924528301
evid00015,77297.2075471698,77312.90566037736
evid00015,77964.22641509434,77977.2075471698
evid00015,77988.98113207547,78000.60377358491
evid00015,78081.81132075471,78097.6603773585
evid00015,78169.35849056604,78185.35849056604
evid00015,78674.41509433962,78686.7924528302
evid00015,78841.6603773585,78852.52830188679
evid00015,78951.09433962264,78961.05660377358
evid00015,79026.8679245283,79045.7358490566
evid00015,79096.45283018867,79107.47169811321
evid00015,79651.47169811321,79665.35849056604
evid00015,79676.22641509434,79691.32075471699
evid00015,80506.41509433962,80518.94339622642
evid00015,80578.2641509434,80588.83018867925
evid00015,81362.8679245283,81375.69811320755
evid00015,81446.7924528302,81458.41509433962
evid00015,81794.41509433962,81808.45283018867
evid00015,84718.7924528302,84733.88679245283
evid00017,3107.0188679245284,3119.396226415094
evid00017,3430.0377358490564,3442.566037735849
evid00017,4712.754716981132,4724.830188679245
evid00017,5955.622641509434,5965.88679245283
evid00017,9338.415094339623,9348.528301886792
evid00017,9628.981132075472,9641.358490566037
evid00017,18132.377358490565,18145.35849056604
evid00017,18145.66037735849,18158.943396226416
evid00017,20723.471698113208,20733.584905660377
evid00017,22744.45283018868,22755.32075471698
evid00017,22939.924528301886,22951.54716981132
evid00017,23017.811320754718,23032.0
evid00017,23338.264150943396,23348.830188679247
evid00017,24657.509433962263,24667.924528301886
evid00017,24847.094339622643,24871.396226415094
evid00017,26453.283018867925,26465.962264150945
evid00017,26538.415094339623,26554.264150943396
evid00017,39852.52830188679,39865.35849056604
evid00017,40082.41509433962,40095.3962264151
evid00017,49814.943396226416,49826.264150943396
evid00017,51672.75471698113,51689.660377358494
evid00017,52022.49056603773,52034.8679245283
evid00017,52345.20754716981,52357.28301886792
evid00017,52428.52830188679,52439.09433962264
evid00017,53272.0,53291.32075471698
evid00017,53392.301886792455,53404.377358490565
evid00017,55114.56603773585,55127.24528301887
evid00017,55239.24528301887,55249.660377358494
evid00017,55532.67924528302,55542.64150943396
evid00017,55776.6037735849,55791.84905660377
evid00017,58770.41509433962,58785.20754716981
evid00017,58831.3962264151,58847.24528301887
evid00017,62394.41509433962,62411.47169811321
evid00017,64937.96226415094,64951.09433962264
evid00017,73895.54716981133,73908.83018867925
evid00017,79604.98113207547,79618.11320754717
evid00017,79823.69811320755,79836.98113207547
evid00019,9155.018867924528,9167.547169811322
evid00019,10638.037735849057,10651.018867924528
evid00019,10962.716981132075,10975.245283018869
evid00019,13496.150943396226,13513.056603773584
evid00019,20841.20754716981,20852.67924528302
evid00019,23393.056603773584,23405.283018867925
evid00019,44878.49056603773,44891.018867924526
evid00019,51677.58490566038,51689.96226415094
evid00019,77590.7924528302,77603.77358490566
evid00021,237.43396226415095,249.96226415094338
evid00021,7866.867924528302,7879.8490566037735
evid00021,8856.452830188678,8869.283018867925
evid00021,10591.094339622641,10607.849056603774
evid00021,12471.245283018869,12484.528301886792
evid00021,22531.01886792453,22543.54716981132
evid00021,38998.49056603773,39011.018867924526
evid00021,40218.264150943396,40231.3962264151
evid00021,61501.28301886792,61512.6037735849
evid00021,62754.71698113208,62766.79245283019
evid00021,66140.83018867925,66153.05660377358
evid00021,66159.69811320755,66171.92452830188
evid00021,67608.0,67620.22641509434
evid00021,67626.8679245283,67639.24528301887
evid00021,71632.60377358491,71645.88679245283
evid00021,71836.37735849057,71848.90566037736
evid00021,73488.45283018867,73500.98113207547
evid00021,75971.16981132075,75983.69811320755
evid00021,77770.11320754717,77782.94339622642
evid00021,78003.01886792453,78016.0
evid00021,79963.77358490566,79976.30188679245
evid00021,81021.58490566038,81033.96226415095
evid00021,84455.54716981133,84472.15094339622
evid00021,84634.41509433962,84647.24528301887
evid00021,84716.98113207547,84729.96226415095
evid00021,85910.18867924529,85922.56603773584
evid00021,85965.1320754717,85977.50943396226
evid00022,462.64150943396226,474.1132075471698
evid00022,559.6981132075472,572.0754716981132
evid00022,1581.8867924528302,1594.4150943396226
evid00022,1744.9056603773586,1757.433962264151
evid00022,3527.8490566037735,3540.377358490566
evid00022,4105.056603773585,4117.584905660377
evid00022,4498.7169811320755,4511.245283018868
evid00022,4582.037735849057,4594.566037735849
evid00022,5435.773584905661,5448.301886792453
evid00022,5546.867924528302,5559.396226415094
evid00022,5799.8490566037735,5812.377358490566
evid00022,5970.7169811320755,5983.245283018868
evid00022,6639.094339622641,6651.471698113208
evid00022,6916.981132075472,6938.415094339623
evid00022,7232.905660377359,7243.169811320755
evid00022,7459.018867924528,7471.547169811321
evid00022,8070.037735849057,8082.566037735849
evid00022,8483.018867924528,8495.396226415094
evid00022,8966.037735849057,8978.566037735849
evid00022,9974.943396226416,9987.32075471698
evid00022,10720.0,10732.528301886792
evid00022,11105.811320754718,11118.33962264151
evid00022,11617.811320754718,11630.33962264151
evid00022,12076.830188679245,12092.830188679245
evid00022,13656.150943396226,13668.67924528302
evid00022,14061.88679245283,14074.566037735849
evid00022,14663.245283018869,14675.77358490566
evid00022,15033.962264150943,15046.490566037735
evid00022,15372.075471698114,15383.849056603774
evid00022,20836.22641509434,20848.754716981133
evid00022,21068.075471698114,21080.603773584906
evid00022,21147.924528301886,21159.396226415094
evid00022,21354.264150943396,21366.79245283019
evid00022,22043.32075471698,22055.849056603773
evid00022,22873.35849056604,22886.037735849055
evid00022,23530.11320754717,23550.33962264151
evid00022,30731.01886792453,30741.43396226415
evid00022,36009.660377358494,36026.264150943396
evid00022,37891.16981132075,37906.41509433962
evid00022,42145.20754716981,42162.11320754717
evid00022,43850.264150943396,43860.67924528302
evid00022,43917.735849056604,43928.6037735849
evid00022,51091.32075471698,51103.3962264151
evid00022,51507.16981132075,51519.3962264151
evid00022,51526.03773584906,51538.264150943396
evid00022,53341.735849056604,53353.20754716981
evid00022,53449.50943396227,53466.71698113208
evid00022,57954.41509433962,57966.79245283019
evid00022,58768.75471698113,58779.32075471698
evid00022,61415.24528301887,61429.88679245283
evid00022,74873.35849056604,74890.41509433962
evid00022,77941.58490566038,77960.30188679245
evid00023,8395.924528301886,8408.150943396226
evid00023,8414.792452830188,8427.018867924528
evid00023,23660.075471698114,23680.150943396227
evid00023,36257.660377358494,36269.43396226415
evid00023,36269.58490566038,36281.811320754714
evid00023,51678.188679245286,51690.71698113208
evid00023,70233.81132075471,70246.18867924529
evid00023,70256.15094339622,70268.52830188679
evid00023,76379.92452830188,76392.45283018867
evid00023,78699.92452830188,78716.98113207547
evid00024,14397.88679245283,14409.962264150943
evid00024,39153.35849056604,39165.58490566038
evid00024,39172.22641509434,39184.45283018868
evid00024,59836.52830188679,59849.20754716981
evid00024,59864.75471698113,59876.07547169811
evid00024,59947.47169811321,59960.90566037736
evid00024,59984.90566037736,59999.3962264151
evid00024,60207.3962264151,60219.92452830189
evid00024,60262.49056603773,60275.16981132075
evid00024,61318.64150943396,61331.018867924526
evid00024,63385.35849056604,63397.43396226415
evid00024,64034.8679245283,64047.24528301887
evid00024,82825.96226415095,82838.64150943396
evid00024,82891.92452830188,82904.45283018867
evid00024,83220.52830188679,83230.7924528302
evid00024,83750.49056603774,83760.90566037736
evid00026,1251.4716981132076,1263.698113207547
evid00026,1270.3396226415093,1282.566037735849
evid00026,8569.207547169812,8581.433962264151
evid00026,8587.924528301886,8600.301886792453
evid00026,35300.83018867925,35311.24528301887
evid00026,35472.45283018868,35484.83018867925
evid00026,36454.79245283019,36465.811320754714
evid00026,38729.35849056604,38739.32075471698
evid00026,39753.20754716981,39763.16981132075
evid00026,40484.83018867925,40496.15094339623
evid00026,41499.018867924526,41516.52830188679
evid00026,41859.018867924526,41870.188679245286
evid00026,41917.43396226415,41932.22641509434
evid00026,43355.32075471698,43368.0
evid00026,43673.35849056604,43690.264150943396
evid00026,45209.20754716981,45222.79245283019
evid00026,45225.50943396227,45238.64150943396
evid00026,45822.64150943396,45833.056603773584
evid00026,46110.49056603773,46122.264150943396
evid00026,46122.56603773585,46139.92452830189
evid00026,46224.90566037736,46236.83018867925
evid00026,46905.20754716981,46916.981132075474
evid00026,48041.056603773584,48051.16981132075
evid00026,48680.301886792455,48690.71698113208
evid00026,49248.75471698113,49265.660377358494
evid00026,50255.84905660377,50265.811320754714
evid00026,50866.56603773585,50877.88679245283
evid00026,51038.49056603773,51051.47169811321
evid00026,51152.45283018868,51163.77358490566
evid00026,51401.96226415094,51424.15094339623
evid00026,51672.75471698113,51689.50943396227
evid00026,51873.056603773584,51885.43396226415
evid00026,51891.77358490566,51904.6037735849
evid00026,52150.64150943396,52160.6037735849
evid00026,52346.264150943396,52361.811320754714
evid00026,52433.20754716981,52445.1320754717
evid00026,52849.056603773584,52861.58490566038
evid00026,53056.301886792455,53071.24528301887
evid00026,53351.24528301887,53368.90566037736
evid00026,53369.056603773584,53379.622641509435
evid00026,53472.45283018868,53484.22641509434
evid00026,53693.735849056604,53703.698113207545
evid00026,53941.43396226415,53952.15094339623
evid00026,54517.58490566038,54529.96226415094
evid00026,54536.301886792455,54548.83018867925
evid00026,55549.88679245283,55562.41509433962
evid00026,55568.75471698113,55581.58490566038
evid00026,56510.03773584906,56522.41509433962
evid00026,56528.75471698113,56541.43396226415
evid00026,57180.83018867925,57193.20754716981
evid00026,57198.943396226416,57211.622641509435
evid00026,57414.03773584906,57431.3962264151
evid00026,57615.54716981132,57627.92452830189
evid00026,57634.264150943396,57646.943396226416
evid00026,59093.28301886792,59105.056603773584
evid00026,59372.981132075474,59383.54716981132
evid00026,59807.84905660377,59820.22641509434
evid00026,59825.96226415094,59838.64150943396
evid00026,60900.83018867925,60912.45283018868
evid00026,61000.15094339623,61019.32075471698
evid00026,61867.622641509435,61888.45283018868
evid00026,62129.35849056604,62140.07547169811
evid00026,62198.49056603773,62210.8679245283
evid00026,64012.377358490565,64029.28301886792
evid00026,66179.47169811321,66189.7358490566
evid00026,66319.69811320755,66333.43396226416
evid00026,67327.09433962264,67337.96226415095
evid00026,67403.47169811321,67413.88679245283
evid00026,67624.60377358491,67646.64150943396
evid00026,67908.98113207547,67921.81132075471
evid00026,69115.16981132075,69131.92452830188
evid00026,70087.69811320755,70107.32075471699
evid00026,70295.39622641509,70307.77358490566
evid00026,70347.32075471699,70359.84905660378
evid00026,71080.60377358491,71091.47169811321
evid00026,71497.2075471698,71508.07547169812
evid00026,73092.83018867925,73104.45283018867
evid00026,84774.03773584905,84790.94339622642
evid00026,85861.1320754717,85873.96226415095
evid00026,85936.15094339622,85948.98113207547
evid00028,2571.622641509434,2583.0943396226417
evid00028,24198.33962264151,24209.66037735849
evid00028,36814.339622641506,36826.56603773585
evid00028,36833.056603773584,36845.43396226415
evid00028,41278.49056603773,41301.735849056604
evid00028,51677.735849056604,51690.264150943396
evid00028,53059.32075471698,53072.45283018868
evid00028,69136.30188679245,69148.37735849057
evid00028,69155.01886792453,69167.24528301887
evid00028,80806.49056603774,80818.71698113208
evid00028,80825.35849056604,80837.58490566038
evid00030,2105.509433962264,2117.132075471698
evid00030,3195.7735849056603,3208.301886792453
evid00030,5548.679245283019,5561.056603773585
evid00030,6169.962264150943,6181.88679245283
evid00030,8061.584905660377,8073.962264150943
evid00030,8168.452830188679,8180.830188679245
evid00030,8323.018867924528,8335.396226415094
evid00030,8708.377358490567,8720.905660377359
evid00030,8931.622641509433,8944.150943396226
evid00030,9307.169811320755,9319.698113207547
evid00030,9457.509433962265,9469.433962264151
evid00030,9544.603773584906,9557.132075471698
evid00030,9806.188679245282,9819.622641509433
evid00030,10056.452830188678,10068.981132075472
evid00030,10417.509433962265,10429.88679245283
evid00030,10544.905660377359,10557.433962264151
evid00030,10680.754716981131,10692.981132075472
evid00030,10864.301886792453,10876.67924528302
evid00030,11009.811320754718,11022.188679245282
evid00030,11291.77358490566,11304.150943396226
evid00030,11947.622641509433,11960.0
evid00030,12011.471698113208,12023.698113207547
evid00030,12825.358490566037,12844.075471698114
evid00030,13090.264150943396,13102.490566037735
evid00030,13108.981132075472,13121.66037735849
evid00030,13249.056603773584,13259.471698113208
evid00030,13434.264150943396,13447.547169811322
evid00030,14378.11320754717,14390.33962264151
evid00030,14396.981132075472,14409.207547169812
evid00030,14673.509433962265,14686.037735849057
evid00030,15661.283018867925,15673.811320754718
evid00030,15678.188679245282,15690.716981132075
evid00030,15858.716981132075,15871.245283018869
evid00030,16055.547169811322,16068.075471698114
evid00030,16740.830188679247,16753.509433962263
evid00030,16840.45283018868,16853.132075471698
evid00030,17194.867924528302,17207.54716981132
evid00030,17692.830188679247,17705.056603773584
evid00030,17711.54716981132,17724.075471698114
evid00030,17944.150943396227,17956.830188679247
evid00030,18034.11320754717,18046.64150943396
evid00030,18754.415094339623,18767.094339622643
evid00030,18934.33962264151,18946.867924528302
evid00030,19533.735849056604,19544.30188679245
evid00030,19769.962264150945,19787.01886792453
evid00030,20013.43396226415,20034.264150943396
evid00030,21210.264150943396,21227.169811320753
evid00030,21397.584905660377,21409.962264150945
evid00030,21459.77358490566,21472.30188679245
evid00030,30619.01886792453,30632.150943396227
evid00030,30903.396226415094,30916.528301886792
evid00030,33414.943396226416,33428.22641509434
evid00030,34343.54716981132,34356.52830188679
evid00030,34452.22641509434,34465.20754716981
evid00030,36033.056603773584,36049.811320754714
evid00030,36425.96226415094,36439.24528301887
evid00030,36863.84905660377,36876.981132075474
evid00030,37910.03773584906,37923.018867924526
evid00030,39436.07547169811,39446.03773584906
evid00030,39466.11320754717,58168.0
evid00030,58188.07547169811,58203.018867924526
evid00030,59692.981132075474,59705.96226415094
evid00030,60260.67924528302,60272.90566037736
evid00030,60280.15094339623,60292.377358490565
evid00030,62670.943396226416,62683.32075471698
evid00030,62725.28301886792,62737.811320754714
evid00030,67506.11320754717,67518.64150943396
evid00030,75362.41509433962,75374.94339622642
evid00030,79406.49056603774,79418.8679245283
evid00030,85426.71698113208,85439.24528301887
evid00031,9304.603773584906,9316.981132075472
evid00031,41509.88679245283,41522.11320754717
evid00031,41528.0,41540.377358490565
evid00031,51676.377358490565,51688.75471698113
evid00031,70797.58490566038,70812.52830188679
evid00031,81233.35849056604,81246.03773584905
evid00031,81315.47169811321,81328.30188679245
evid00031,85062.7924528302,85075.32075471699
evid00033,45893.43396226415,45905.96226415094
evid00033,51676.981132075474,51689.50943396227
evid00033,77080.0,77092.22641509434
evid00033,77098.8679245283,77110.94339622642
evid00033,80177.81132075471,80190.7924528302
evid00033,80302.18867924529,80315.16981132075
evid00034,0.1509433962264151,16.0
evid00034,17392.0,17405.132075471698
evid00034,20635.01886792453,20647.245283018867
evid00034,20653.132075471698,20665.509433962263
evid00034,48657.20754716981,48672.301886792455
evid00034,51677.58490566038,51689.96226415094
evid00034,53690.11320754717,53700.07547169811
evid00034,54818.41509433962,54828.67924528302
evid00034,78900.52830188679,78910.7924528302
evid00035,1605.132075471698,1618.1132075471698
evid00035,1852.377358490566,1865.6603773584907
evid00035,25361.20754716981,25374.490566037737
evid00035,29284.528301886792,29298.415094339623
evid00035,51677.58490566038,51690.11320754717
evid00035,51824.301886792455,51837.58490566038
evid00035,52025.20754716981,52038.03773584906
evid00035,52151.84905660377,52168.45283018868
evid00035,73895.24528301887,73905.50943396226
evid00035,85275.01886792453,85287.24528301887
evid00042,7805.88679245283,7823.698113207547
evid00042,13207.396226415094,13219.622641509433
evid00042,13226.11320754717,13238.641509433963
evid00042,13411.169811320755,13421.132075471698
evid00042,15028.377358490567,15046.33962264151
evid00042,25661.735849056604,25671.849056603773
evid00042,27832.30188679245,27842.56603773585
evid00042,28383.69811320755,28397.735849056604
evid00042,35037.58490566038,35049.35849056604
evid00042,39041.056603773584,39052.22641509434
evid00042,39345.35849056604,39357.735849056604
evid00042,39363.47169811321,39375.84905660377
evid00042,40760.75471698113,40774.188679245286
evid00042,41747.47169811321,41762.8679245283
evid00042,41889.811320754714,41903.24528301887
evid00042,46791.54716981132,46803.92452830189
evid00042,47911.24528301887,47924.67924528302
evid00042,51675.77358490566,51688.301886792455
evid00042,63436.07547169811,63448.45283018868
evid00042,70785.96226415095,70797.7358490566
evid00042,71653.43396226416,71663.69811320755
evid00043,2793.6603773584907,2804.9811320754716
evid00043,3221.735849056604,3232.301886792453
evid00043,5339.773584905661,5351.547169811321
evid00043,6341.735849056604,6365.735849056604
evid00043,25983.849056603773,25996.075471698114
evid00043,26032.150943396227,26044.830188679247
evid00043,38857.056603773584,38867.92452830189
evid00043,39255.24528301887,39268.83018867925
evid00043,39498.8679245283,39509.1320754717
evid00043,40124.67924528302,40137.50943396227
evid00043,40199.698113207545,40212.377358490565
evid00043,41547.92452830189,41560.75471698113
evid00043,41705.96226415094,41718.943396226416
evid00043,56526.943396226416,56539.32075471698
evid00043,58826.41509433962,58838.943396226416
evid00043,58841.20754716981,58860.377358490565
evid00044,662.4905660377359,676.0754716981132
evid00044,4743.094339622641,4762.7169811320755
evid00044,13908.67924528302,13919.698113207547
evid00044,15887.094339622641,15898.867924528302
evid00044,16715.01886792453,16726.490566037737
evid00044,26837.132075471698,26849.056603773584
evid00044,40042.8679245283,40059.77358490566
evid00044,42798.49056603773,42810.11320754717
evid00044,49070.339622641506,49080.301886792455
evid00044,51675.32075471698,51687.698113207545
evid00044,58216.15094339623,58227.16981132075
evid00044,76408.45283018867,76421.43396226416
evid00044,77171.01886792453,77183.84905660378
evid00044,77981.1320754717,77992.45283018867
evid00044,78058.2641509434,78068.67924528301
evid00044,81486.49056603774,81496.45283018867
evid00044,83340.22641509434,83357.28301886792
evid00044,83409.50943396226,83426.41509433962
evid00045,0.1509433962264151,12.226415094339623
evid00045,3223.5471698113206,3237.433962264151
evid00045,26265.811320754718,26278.037735849055
evid00045,26294.188679245282,26306.56603773585
evid00045,34168.15094339623,34185.056603773584
evid00045,37130.56603773585,37147.77358490566
evid00045,43995.018867924526,44008.0
evid00045,44305.50943396227,44317.58490566038
evid00045,45180.07547169811,45190.339622641506
evid00045,45345.811320754714,45357.58490566038
evid00045,45937.056603773584,45949.88679245283
evid00045,46097.35849056604,46113.35849056604
evid00045,46629.735849056604,46642.71698113208
evid00045,46697.96226415094,46708.07547169811
evid00045,49356.67924528302,49368.90566037736
evid00045,49947.92452830189,49960.0
evid00045,50035.018867924526,50046.943396226416
evid00045,50535.24528301887,50547.622641509435
evid00045,50681.35849056604,50692.981132075474
evid00045,50912.90566037736,50925.1320754717
evid00045,50930.264150943396,50943.54716981132
evid00045,51105.056603773584,51121.811320754714
evid00045,51121.96226415094,51134.49056603773
evid00045,51204.07547169811,51224.301886792455
evid00045,51381.58490566038,51397.43396226415
evid00045,53067.92452830189,53080.75471698113
evid00045,53208.0,53227.16981132075
evid00045,53363.32075471698,53379.92452830189
evid00045,55070.79245283019,55087.84905660377
evid00045,57173.735849056604,57193.056603773584
evid00045,58887.3962264151,58904.75471698113
evid00045,62520.15094339623,62534.03773584906
evid00045,71899.01886792453,71909.1320754717
evid00045,73229.43396226416,73240.60377358491
evid00045,73444.22641509434,73456.30188679245
evid00045,73506.11320754717,73521.50943396226
evid00045,74320.45283018867,74331.77358490566
evid00045,85201.50943396226,85213.28301886792
evid00046,0.6037735849056604,24.60377358490566
evid00046,1718.188679245283,1730.566037735849
evid00046,1772.5283018867924,1785.0566037735848
evid00046,2265.6603773584907,2281.811320754717
evid00046,2614.6415094339623,2624.9056603773583
evid00046,20757.132075471698,20769.056603773584
evid00046,26162.716981132075,26173.132075471698
evid00046,32827.018867924526,32836.981132075474
evid00046,33424.75471698113,33437.43396226415
evid00046,36903.24528301887,36914.11320754717
evid00046,36914.264150943396,36924.52830188679
evid00046,44324.83018867925,44336.6037735849
evid00046,51672.301886792455,51683.77358490566
evid00046,51694.03773584906,51705.50943396227
evid00046,80989.28301886792,81002.2641509434
evid00046,81110.03773584905,81122.71698113208
evid00049,21447.849056603773,21466.264150943396
evid00049,43241.35849056604,43258.264150943396
evid00049,51674.8679245283,51687.84905660377
evid00049,51851.47169811321,51861.58490566038
evid00049,54892.377358490565,54905.660377358494
evid00049,55276.981132075474,55289.056603773584
evid00049,55533.88679245283,55546.41509433962
evid00049,55900.67924528302,55912.90566037736
evid00049,56255.698113207545,56272.75471698113
evid00049,56486.64150943396,56499.16981132075
evid00049,56595.622641509435,56608.90566037736
evid00049,56665.20754716981,56678.339622641506
evid00049,56948.52830188679,56961.056603773584
evid00049,57340.22641509434,57352.45283018868
evid00049,57355.018867924526,57365.58490566038
evid00049,57417.056603773584,57428.83018867925
evid00049,57529.660377358494,57542.943396226416
evid00049,73489.35849056604,73501.58490566038
evid00049,73508.07547169812,73520.45283018867
evid00052,16590.79245283019,16604.528301886792
evid00052,16605.43396226415,16616.30188679245
evid00052,19335.69811320755,19347.924528301886
evid00052,19374.33962264151,19386.716981132075
evid00052,19714.867924528302,19728.754716981133
evid00052,19730.415094339623,19743.54716981132
evid00052,19842.264150943396,19854.64150943396
evid00052,19864.0,19876.528301886792
evid00052,20266.867924528302,20280.150943396227
evid00052,20593.811320754718,20606.79245283019
evid00052,20884.98113207547,20897.811320754718
evid00052,21321.056603773584,21334.33962264151
evid00052,21645.283018867925,21658.56603773585
evid00052,21768.45283018868,21781.735849056604
evid00052,21986.415094339623,21999.69811320755
evid00052,22064.603773584906,22077.584905660377
evid00052,22413.88679245283,22427.169811320753
evid00052,22536.150943396227,22548.98113207547
evid00052,22648.45283018868,22661.43396226415
evid00052,22910.188679245282,22923.471698113208
evid00052,23489.811320754718,23503.094339622643
evid00052,23586.716981132075,23599.69811320755
evid00052,24773.283018867925,24785.509433962263
evid00052,25707.77358490566,25720.754716981133
evid00052,25801.35849056604,25814.33962264151
evid00052,26021.132075471698,26034.11320754717
evid00052,26138.56603773585,26151.849056603773
evid00052,26408.754716981133,26420.67924528302
evid00052,26599.69811320755,26613.584905660377
evid00052,26615.245283018867,26628.528301886792
evid00052,26908.830188679247,26921.20754716981
evid00052,26943.245283018867,26955.471698113208
evid00052,28334.188679245282,28346.415094339623
evid00052,28865.509433962263,28877.735849056604
evid00052,29188.22641509434,29200.30188679245
evid00052,29718.037735849055,29730.867924528302
evid00052,30148.528301886792,30161.509433962263
evid00052,30430.64150943396,30443.01886792453
evid00052,30488.0,30500.67924528302
evid00052,30972.830188679247,30985.66037735849
evid00052,31237.132075471698,31250.11320754717
evid00052,31409.35849056604,31421.584905660377
evid00052,31430.490566037737,31442.867924528302
evid00052,31707.169811320753,31720.45283018868
evid00052,31904.30188679245,31917.283018867925
evid00052,32074.11320754717,32086.943396226416
evid00052,32183.849056603773,32196.830188679247
evid00052,32496.905660377357,32509.283018867925
evid00052,32783.698113207545,32796.981132075474
evid00052,33011.16981132075,33023.84905660377
evid00052,33514.56603773585,33527.54716981132
evid00052,33602.71698113208,33615.698113207545
evid00052,33941.28301886792,33954.41509433962
evid00052,34074.264150943396,34087.24528301887
evid00052,34352.6037735849,34365.58490566038
evid00052,34473.056603773584,34486.339622641506
evid00052,35098.56603773585,35111.09433962264
evid00052,35367.09433962264,35379.92452830189
evid00052,35462.943396226416,35475.77358490566
evid00052,35578.8679245283,35590.79245283019
evid00052,35841.056603773584,35853.88679245283
evid00052,35938.11320754717,35950.943396226416
evid00052,36618.264150943396,36631.54716981132
evid00052,36712.45283018868,36725.735849056604
evid00052,36875.77358490566,36888.301886792455
evid00052,36939.32075471698,36952.0
evid00052,37708.981132075474,37721.20754716981
evid00052,38667.16981132075,38679.24528301887
evid00052,39063.24528301887,39075.32075471698
evid00052,39512.75471698113,39526.03773584906
evid00052,39660.67924528302,39673.811320754714
evid00052,40077.58490566038,40090.56603773585
evid00052,40150.79245283019,40163.622641509435
evid00052,40261.1320754717,40274.11320754717
evid00052,40411.47169811321,40424.45283018868
evid00052,40633.96226415094,40647.24528301887
evid00052,40715.77358490566,40728.75471698113
evid00052,41187.018867924526,41204.07547169811
evid00052,41660.67924528302,41673.50943396227
evid00052,41673.96226415094,41686.943396226416
evid00052,41790.64150943396,41803.018867924526
evid00052,41809.35849056604,41821.88679245283
evid00052,42847.3962264151,42872.15094339623
evid00052,47315.16981132075,47327.54716981132
evid00052,47370.11320754717,47382.79245283019
evid00052,48225.50943396227,48242.11320754717
evid00052,49721.056603773584,49734.03773584906
evid00052,49932.07547169811,49945.35849056604
evid00052,50269.28301886792,50281.35849056604
evid00052,51101.88679245283,51119.3962264151
evid00052,51654.49056603773,51666.71698113208
evid00052,51674.56603773585,51686.79245283019
evid00052,52803.16981132075,52816.0
evid00052,53036.22641509434,53050.11320754717
evid00052,53530.11320754717,53542.943396226416
evid00052,54170.11320754717,54182.943396226416
evid00052,54763.018867924526,54775.698113207545
evid00052,55344.90566037736,55362.41509433962
evid00052,55978.41509433962,55993.20754716981
evid00052,56359.54716981132,56371.77358490566
evid00052,56970.41509433962,56982.943396226416
evid00052,57873.056603773584,57885.735849056604
evid00052,58859.018867924526,58871.54716981132
evid00052,83852.67924528301,83867.01886792453
evid00055,289.50943396226415,300.8301886792453
evid00055,847.0943396226415,857.6603773584906
evid00055,1825.2075471698113,1841.9622641509434
evid00055,1894.9433962264152,1905.6603773584907
evid00055,1905.811320754717,1920.754716981132
evid00055,1997.132075471698,2011.4716981132076
evid00055,2931.9245283018868,2943.245283018868
evid00055,3584.4528301886794,3604.2264150943397
evid00055,4102.188679245283,4114.11320754717
evid00055,4603.320754716981,4615.396226415094
evid00055,5384.754716981132,5402.566037735849
evid00055,5472.754716981132,5484.679245283019
evid00055,5802.264150943396,5814.037735849057
evid00055,6028.226415094339,6041.509433962264
evid00055,6107.622641509434,6118.792452830188
evid00055,6282.415094339623,6297.509433962264
evid00055,6602.415094339623,6614.33962264151
evid00055,6945.811320754717,6960.452830188679
evid00055,7012.981132075472,7028.830188679245
evid00055,7206.33962264151,7218.264150943396
evid00055,7314.566037735849,7325.735849056604
evid00055,7343.396226415094,7353.358490566037
evid00055,7418.415094339623,7443.471698113208
evid00055,7758.641509433963,7770.566037735849
evid00055,8019.018867924528,8035.169811320755
evid00055,8100.981132075472,8116.830188679245
evid00055,8612.377358490567,8635.77358490566
evid00055,8691.622641509433,8703.698113207547
evid00055,9172.22641509434,9187.018867924528
evid00055,9348.22641509434,9364.981132075472
evid00055,9548.830188679245,9562.11320754717
evid00055,9706.716981132075,9720.603773584906
evid00055,9782.641509433963,9792.754716981131
evid00055,9844.377358490567,9854.33962264151
evid00055,9926.943396226416,9939.77358490566
evid00055,9945.207547169812,9964.528301886792
evid00055,10227.622641509433,10239.698113207547
evid00055,10658.566037735849,10677.132075471698
evid00055,10792.150943396226,10805.433962264151
evid00055,10881.811320754718,10897.66037735849
evid00055,11010.867924528302,11021.433962264151
evid00055,11070.188679245282,11088.150943396226
evid00055,12032.0,12043.169811320755
evid00055,12135.698113207547,12149.584905660377
evid00055,12478.792452830188,12489.509433962265
evid00055,12536.0,12547.77358490566
evid00055,12870.641509433963,12884.22641509434
evid00055,12884.377358490567,12895.698113207547
evid00055,12941.584905660377,12954.867924528302
evid00055,13326.33962264151,13340.67924528302
evid00055,13442.11320754717,13456.301886792453
evid00055,13520.452830188678,13536.452830188678
evid00055,13802.716981132075,13814.490566037735
evid00055,13870.490566037735,13882.566037735849
evid00055,13973.433962264151,13984.452830188678
evid00055,14224.0,14236.377358490567
evid00055,14321.811320754718,14339.018867924528
evid00055,14725.584905660377,14747.169811320755
evid00055,14823.547169811322,14835.018867924528
evid00055,14979.471698113208,14991.396226415094
evid00055,15988.67924528302,16000.603773584906
evid00055,16057.207547169812,16075.169811320755
evid00055,16185.509433962265,16199.396226415094
evid00055,16415.396226415094,16432.0
evid00055,16432.150943396227,16451.169811320753
evid00055,16560.0,16574.943396226416
evid00055,16662.188679245282,16691.471698113208
evid00055,17127.094339622643,17140.528301886792
evid00055,17660.22641509434,17676.528301886792
evid00055,17754.11320754717,17795.471698113208
evid00055,17970.716981132075,17984.754716981133
evid00055,18161.509433962263,18172.830188679247
evid00055,18656.0,18667.32075471698
evid00055,18874.716981132075,18886.037735849055
evid00055,20374.64150943396,20386.264150943396
evid00055,20776.30188679245,20786.264150943396
evid00055,20896.905660377357,20906.867924528302
evid00055,20985.056603773584,21001.66037735849
evid00055,22360.754716981133,22371.32075471698
evid00055,22667.32075471698,22679.69811320755
evid00055,22736.603773584906,22752.150943396227
evid00055,22753.056603773584,22763.471698113208
evid00055,22819.471698113208,22835.32075471698
evid00055,23568.754716981133,23581.88679245283
evid00055,23711.54716981132,23725.43396226415
evid00055,23944.754716981133,23958.037735849055
evid00055,24036.830188679247,24047.396226415094
evid00055,24110.943396226416,24126.79245283019
evid00055,24281.811320754718,24292.98113207547
evid00055,24356.22641509434,24375.849056603773
evid00055,24536.603773584906,24547.471698113208
evid00055,25148.075471698114,25158.490566037737
evid00055,25281.811320754718,25297.35849056604
evid00055,25422.79245283019,25435.01886792453
evid00055,25493.735849056604,25506.11320754717
evid00055,25612.377358490565,25628.22641509434
evid00055,25634.11320754717,25649.962264150945
evid00055,25757.584905660377,25781.735849056604
evid00055,27824.45283018868,27842.415094339623
evid00055,28517.88679245283,28532.528301886792
evid00055,28850.264150943396,28865.811320754718
evid00055,28951.094339622643,28966.33962264151
evid00055,29344.0,29362.415094339623
evid00055,29486.943396226416,29502.943396226416
evid00055,29714.11320754717,29727.094339622643
evid00055,30100.22641509434,30112.0
evid00055,30299.622641509435,30309.735849056604
evid00055,30499.924528301886,30512.0
evid00055,30639.54716981132,30652.075471698114
evid00055,30788.377358490565,30806.490566037737
evid00055,30904.30188679245,30916.075471698114
evid00055,30976.45283018868,30989.132075471698
evid00055,31126.79245283019,31148.22641509434
evid00055,31404.98113207547,31415.094339622643
evid00055,31772.377358490565,31784.30188679245
evid00055,32090.867924528302,32128.905660377357
evid00055,32201.811320754718,32213.584905660377
evid00055,32366.037735849055,32377.66037735849
evid00055,32433.66037735849,32445.584905660377
evid00055,32808.15094339623,32824.15094339623
evid00055,33022.943396226416,33043.77358490566
evid00055,33360.90566037736,33377.056603773584
evid00055,33850.71698113208,33860.981132075474
evid00055,34006.79245283019,34017.35849056604
evid00055,35112.90566037736,35124.83018867925
evid00055,35571.47169811321,35582.49056603773
evid00055,35959.698113207545,35974.03773584906
evid00055,35980.52830188679,35993.50943396227
evid00055,36418.56603773585,36433.20754716981
evid00055,36486.188679245286,36498.8679245283
evid00055,36744.90566037736,36756.981132075474
evid00055,37271.698113207545,37284.07547169811
evid00055,37325.43396226415,37336.15094339623
evid00055,37383.24528301887,37395.32075471698
evid00055,37623.84905660377,37643.622641509435
evid00055,37699.47169811321,37712.15094339623
evid00055,37796.83018867925,37812.83018867925
evid00055,38052.52830188679,38063.09433962264
evid00055,38417.660377358494,38429.43396226415
evid00055,38496.6037735849,38515.16981132075
evid00055,38920.0,38942.49056603773
evid00055,39069.28301886792,39081.35849056604
evid00055,39142.943396226416,39158.188679245286
evid00055,39516.981132075474,39529.056603773584
evid00055,39795.77358490566,39809.660377358494
evid00055,40059.018867924526,40070.943396226416
evid00055,40298.264150943396,40313.35849056604
evid00055,40318.339622641506,40328.90566037736
evid00055,40418.8679245283,40433.056603773584
evid00055,40699.16981132075,40712.6037735849
evid00055,41304.15094339623,41317.88679245283
evid00055,41772.52830188679,41788.981132075474
evid00055,41830.03773584906,41844.377358490565
evid00055,41896.90566037736,41910.188679245286
evid00055,42219.622641509435,42230.339622641506
evid00055,42350.79245283019,42363.622641509435
evid00055,42652.377358490565,42670.64150943396
evid00055,42852.83018867925,42864.0
evid00055,43470.49056603773,43481.20754716981
evid00055,43583.84905660377,43594.41509433962
evid00055,44263.84905660377,44280.15094339623
evid00055,44351.24528301887,44365.735849056604
evid00055,44550.79245283019,44562.71698113208
evid00055,44654.03773584906,44669.88679245283
evid00055,44741.88679245283,44757.735849056604
evid00055,44881.96226415094,44893.88679245283
evid00055,44973.735849056604,44984.15094339623
evid00055,45192.45283018868,45207.698113207545
evid00055,45313.96226415094,45325.28301886792
evid00055,45657.056603773584,45668.981132075474
evid00055,46218.71698113208,46230.64150943396
evid00055,46330.11320754717,46340.07547169811
evid00055,46636.67924528302,46648.6037735849
evid00055,46728.15094339623,46739.622641509435
evid00055,47711.3962264151,47721.660377358494
evid00055,47739.47169811321,47750.79245283019
evid00055,47850.56603773585,47866.11320754717
evid00055,48415.24528301887,48427.622641509435
evid00055,48510.49056603773,48523.77358490566
evid00055,48529.811320754714,48540.52830188679
evid00055,58555.16981132075,58565.735849056604
evid00055,58627.32075471698,58639.54716981132
evid00055,58639.84905660377,58652.07547169811
evid00055,58942.64150943396,58964.07547169811
evid00055,60333.28301886792,60345.20754716981
evid00055,60465.056603773584,60480.301886792455
evid00055,60613.58490566038,60624.0
evid00055,61406.79245283019,61419.77358490566
evid00055,61446.188679245286,61456.45283018868
evid00055,62017.35849056604,62029.43396226415
evid00055,62121.660377358494,62137.50943396227
evid00055,62201.50943396227,62218.11320754717
evid00055,62267.16981132075,62278.943396226416
evid00055,62360.0,62370.8679245283
evid00055,62647.698113207545,62659.77358490566
evid00055,62659.92452830189,62677.43396226415
evid00055,62743.698113207545,62764.83018867925
evid00055,63214.943396226416,63230.188679245286
evid00055,63268.67924528302,63280.0
evid00055,63567.698113207545,63590.64150943396
evid00055,63590.79245283019,63601.50943396227
evid00055,63666.8679245283,63682.8679245283
evid00055,64155.622641509435,64167.698113207545
evid00055,64281.50943396227,64292.83018867925
evid00055,64323.47169811321,64333.88679245283
evid00055,64419.16981132075,64434.71698113208
evid00055,64553.660377358494,64572.377358490565
evid00055,64630.188679245286,64642.11320754717
evid00055,64676.377358490565,64691.47169811321
evid00055,64867.622641509435,64878.943396226416
evid00055,64943.24528301887,64959.3962264151
evid00055,65474.8679245283,65488.90566037736
evid00055,65769.35849056604,65781.28301886792
evid00055,65844.98113207547,65855.84905660378
evid00055,65873.35849056604,65885.43396226416
evid00055,65974.49056603774,65984.60377358491
evid00055,66511.84905660378,66525.1320754717
evid00055,66745.96226415095,66756.07547169812
evid00055,66969.6603773585,66983.09433962264
evid00055,67101.1320754717,67114.41509433962
evid00055,67173.43396226416,67185.50943396226
evid00055,67268.67924528301,67278.64150943396
evid00055,67660.07547169812,67672.0
evid00055,67882.11320754717,67892.07547169812
evid00055,67921.35849056604,67931.32075471699
evid00055,68185.96226415095,68201.2075471698
evid00055,68206.03773584905,68217.81132075471
evid00055,68318.03773584905,68334.64150943396
evid00055,68411.92452830188,68425.81132075471
evid00055,68500.52830188679,68528.75471698113
evid00055,69004.83018867925,69021.43396226416
evid00055,69089.05660377358,69100.37735849057
evid00055,69100.52830188679,69115.62264150943
evid00055,69364.22641509434,69376.90566037736
evid00055,69719.39622641509,69733.58490566038
evid00055,69743.24528301887,69755.32075471699
evid00055,69862.18867924529,69879.69811320755
evid00055,70033.6603773585,70045.58490566038
evid00055,70304.45283018867,70316.07547169812
evid00055,70614.64150943396,70635.47169811321
evid00055,70636.83018867925,70652.98113207547
evid00055,70982.18867924529,71002.2641509434
evid00055,71089.50943396226,71102.94339622642
evid00055,71481.6603773585,71497.35849056604
evid00055,71565.88679245283,71585.35849056604
evid00055,71792.45283018867,71804.37735849057
evid00055,72581.7358490566,72592.75471698113
evid00055,72671.69811320755,72686.03773584905
evid00055,72796.22641509434,72806.64150943396
evid00055,73213.43396226416,73225.81132075471
evid00055,73243.62264150943,73256.0
evid00055,73764.83018867925,73776.75471698113
evid00055,74074.11320754717,74089.2075471698
evid00055,74134.7924528302,74147.32075471699
evid00055,74163.01886792453,74174.49056603774
evid00055,74314.8679245283,74326.18867924529
evid00055,74401.6603773585,74413.58490566038
evid00055,74897.2075471698,74909.1320754717
evid00055,74942.49056603774,74953.35849056604
evid00055,76032.0,76042.11320754717
evid00055,76094.94339622642,76109.88679245283
evid00055,76425.96226415095,76436.52830188679
evid00055,76586.2641509434,76601.96226415095
evid00055,76606.64150943396,76617.05660377358
evid00055,76672.75471698113,76694.3396226415
evid00055,76819.47169811321,76834.56603773584
evid00055,77098.2641509434,77114.11320754717
evid00055,80961.2075471698,80971.47169811321
evid00055,83924.37735849057,83938.2641509434
evid00055,84028.07547169812,84041.35849056604
evid00055,84116.37735849057,84126.7924528302
evid00055,84634.11320754717,84646.49056603774
evid00055,84732.67924528301,84743.84905660378
evid00055,85035.47169811321,85051.32075471699
evid00055,85117.1320754717,85132.98113207547
evid00055,85191.54716981133,85204.52830188679
evid00055,85473.2075471698,85483.77358490566
evid00055,85614.3396226415,85625.05660377358
evid00055,85760.60377358491,85773.1320754717
evid00055,86247.24528301887,86259.32075471699
evid00055,86323.16981132075,86337.50943396226
evid00060,5.283018867924528,25.20754716981132
evid00060,2781.433962264151,2793.3584905660377
evid00060,3326.188679245283,3339.9245283018868
evid00060,3923.169811320755,3935.0943396226417
evid00060,4522.11320754717,4536.754716981132
evid00060,5504.0,5513.962264150943
evid00060,5576.452830188679,5589.433962264151
evid00060,6665.509433962264,6678.641509433963
evid00060,7391.245283018868,7401.358490566037
evid00060,7935.396226415094,7945.66037735849
evid00060,10194.264150943396,10215.094339622641
evid00060,15264.905660377359,15274.867924528302
evid00060,31845.584905660377,31858.264150943396
evid00060,39760.6037735849,39777.50943396227
evid00060,41793.20754716981,41805.735849056604
evid00060,51675.77358490566,51688.301886792455
evid00060,59331.018867924526,59342.79245283019
evid00060,62722.264150943396,62735.09433962264
evid00060,62818.71698113208,62831.698113207545
evid00060,63027.16981132075,63039.84905660377
evid00060,63099.622641509435,63112.301886792455
evid00060,63321.96226415094,63341.28301886792
evid00060,63554.8679245283,63574.49056603773
evid00060,64042.11320754717,64054.49056603773
evid00060,64303.54716981132,64316.377358490565
evid00060,64386.71698113208,64399.54716981132
evid00060,64699.018867924526,64711.3962264151
evid00060,64747.32075471698,64759.84905660377
evid00060,65029.1320754717,65042.41509433962
evid00060,65472.45283018868,65485.1320754717
evid00060,65485.58490566038,65498.264150943396
evid00060,66013.88679245283,66025.81132075471
evid00060,66184.90566037736,66196.98113207547
evid00060,66485.58490566038,66497.35849056604
evid00060,66680.0,66693.1320754717
evid00060,67374.94339622642,67395.16981132075
evid00060,67609.35849056604,67626.8679245283
evid00060,67903.69811320755,67920.30188679245
evid00060,68059.62264150943,68072.75471698113
evid00060,68073.35849056604,68086.49056603774
evid00060,68270.7924528302,68283.77358490566
evid00060,68658.11320754717,68671.39622641509
evid00060,68848.60377358491,68861.1320754717
evid00060,69050.41509433962,69063.24528301887
evid00060,69181.28301886792,69194.2641509434
evid00060,69368.45283018867,69381.43396226416
evid00060,69454.18867924529,69467.16981132075
evid00060,69621.58490566038,69634.41509433962
evid00060,69882.2641509434,69895.24528301887
evid00060,70387.01886792453,70398.94339622642
evid00060,70499.47169811321,70512.90566037736
evid00060,70515.92452830188,70528.75471698113
evid00060,70863.39622641509,70876.37735849057
evid00060,71043.62264150943,71056.90566037736
evid00060,71285.43396226416,71298.41509433962
evid00060,71404.37735849057,71417.35849056604
evid00060,71755.77358490566,71768.75471698113
evid00060,72002.11320754717,72015.09433962264
evid00060,72721.2075471698,72734.18867924529
evid00060,72869.7358490566,72882.56603773584
evid00060,72996.67924528301,73009.05660377358
evid00060,73023.84905660378,73036.22641509434
evid00060,73216.45283018867,73228.83018867925
evid00060,73248.45283018867,73260.83018867925
evid00060,73537.6603773585,73549.88679245283
evid00060,74105.2075471698,74118.03773584905
evid00060,74359.54716981133,74372.83018867925
evid00060,74887.09433962264,74899.32075471699
evid00060,74907.77358490566,74920.0
evid00060,75296.30188679245,75312.90566037736
evid00060,75449.2075471698,75462.64150943396
evid00060,75465.6603773585,75478.49056603774
evid00060,75897.96226415095,75910.03773584905
evid00060,76057.81132075471,76070.03773584905
evid00060,76094.64150943396,76107.01886792453
evid00060,76225.50943396226,76238.49056603774
evid00060,76480.30188679245,76493.28301886792
evid00060,76666.56603773584,76686.64150943396
evid00060,77076.98113207547,77089.35849056604
evid00060,77098.71698113208,77111.09433962264
evid00060,77235.16981132075,77247.54716981133
evid00060,77262.3396226415,77274.71698113208
evid00060,77457.35849056604,77469.43396226416
evid00060,77599.09433962264,77612.22641509434
evid00060,77737.96226415095,77750.49056603774
evid00060,77895.09433962264,77908.07547169812
evid00060,77908.37735849057,77921.35849056604
evid00060,78085.28301886792,78098.2641509434
evid00060,78098.71698113208,78111.54716981133
evid00060,78245.1320754717,78258.11320754717
evid00060,78400.60377358491,78413.88679245283
evid00067,51673.660377358494,51686.64150943396
evid00067,51756.52830188679,51769.20754716981
evid00067,52514.264150943396,52527.09433962264
evid00067,52710.339622641506,52723.32075471698
evid00070,57578.11320754717,57591.09433962264
evid00070,57591.3962264151,57604.52830188679
evid00070,59401.50943396227,59413.88679245283
evid00070,59419.622641509435,59432.0
evid00070,61533.1320754717,61544.0
evid00070,62998.79245283019,63016.15094339623
evid00070,64763.018867924526,64776.301886792455
evid00070,64781.88679245283,64793.660377358494
evid00070,65620.37735849057,65631.54716981133
evid00070,65869.7358490566,65881.50943396226
evid00070,66009.81132075471,66021.43396226416
evid00070,66721.2075471698,66731.47169811321
evid00070,67226.41509433962,67238.49056603774
evid00070,68066.11320754717,68076.52830188679
evid00070,68406.3396226415,68420.52830188679
evid00070,69159.24528301887,69169.6603773585
evid00070,69641.81132075471,69656.0
evid00070,71624.30188679245,71636.67924528301
evid00070,72283.32075471699,72294.3396226415
evid00070,72986.11320754717,73000.45283018867
evid00070,73078.49056603774,73091.16981132075
evid00070,73125.28301886792,73135.24528301887
evid00070,73210.2641509434,73223.54716981133
evid00070,74454.64150943396,74464.60377358491
evid00070,74535.54716981133,74547.47169811321
evid00070,75419.92452830188,75429.88679245283
evid00070,75505.81132075471,75518.64150943396
evid00070,76203.77358490566,76216.15094339622
evid00070,76275.47169811321,76288.15094339622
evid00070,78047.84905660378,78060.83018867925
evid00070,78946.56603773584,78957.28301886792
evid00070,79422.3396226415,79450.8679245283
evid00070,79560.75471698113,79570.8679245283
evid00070,79640.75471698113,79651.16981132075
evid00070,79698.11320754717,79708.07547169812
evid00070,79708.37735849057,79722.8679245283
evid00070,79883.62264150943,79897.96226415095
evid00070,79957.58490566038,79969.35849056604
evid00070,80728.75471698113,80740.37735849057
evid00070,81013.58490566038,81025.50943396226
evid00070,81458.41509433962,81471.54716981133
evid00070,81745.2075471698,81756.83018867925
evid00070,81860.07547169812,81872.15094339622
evid00070,82090.2641509434,82102.18867924529
evid00070,82306.8679245283,82317.58490566038
evid00070,82467.62264150943,82481.81132075471
evid00070,83067.77358490566,83078.49056603774
evid00070,83470.49056603774,83483.77358490566
evid00070,83757.7358490566,83768.15094339622
evid00070,84049.05660377358,84060.98113207547
evid00070,84883.32075471699,84898.71698113208
evid00070,84969.05660377358,84981.28301886792
evid00070,85517.43396226416,85529.35849056604
evid00070,85608.15094339622,85618.56603773584
evid00070,86385.35849056604,86402.56603773584
evid00071,20656.905660377357,20669.43396226415
evid00071,37198.64150943396,37211.92452830189
evid00071,86390.3396226415,86402.11320754717
evid00083,864.1509433962265,876.9811320754717
evid00083,939.0188679245283,949.433962264151
evid00083,6537.358490566037,6549.433962264151
evid00083,21258.264150943396,21270.79245283019
evid00083,45014.943396226416,45027.32075471698
evid00083,57280.301886792455,57292.67924528302
evid00083,57304.0,57316.377358490565
evid00083,86389.43396226416,86399.69811320755
evid00084,21028.67924528302,21041.056603773584
evid00084,34984.90566037736,34997.735849056604
evid00084,35365.735849056604,35378.41509433962
evid00084,35559.54716981132,35572.52830188679
evid00084,36830.64150943396,36840.6037735849
evid00084,36860.67924528302,40888.15094339623
evid00084,42151.84905660377,42164.981132075474
evid00084,51842.56603773585,51854.64150943396
evid00084,52709.43396226415,52721.811320754714
evid00084,53794.71698113208,53809.660377358494
evid00084,54498.56603773585,54515.16981132075
evid00084,75854.3396226415,75867.01886792453
evid00084,75938.71698113208,75951.69811320755
evid00088,4036.5283018867926,4053.433962264151
evid00088,8241.811320754718,8258.415094339623
evid00088,9882.716981132075,9893.735849056604
evid00088,37463.84905660377,37477.28301886792
evid00088,38865.660377358494,38876.52830188679
evid00088,39230.188679245286,39241.660377358494
evid00088,42028.07547169811,42045.43396226415
evid00088,42446.64150943396,42458.56603773585
evid00088,44427.16981132075,44440.6037735849
evid00088,44507.16981132075,44519.24528301887
evid00088,45978.41509433962,45989.735849056604
evid00088,46280.15094339623,46292.52830188679
evid00088,47587.47169811321,47600.15094339623
evid00088,48016.15094339623,48027.018867924526
evid00088,48332.22641509434,48342.49056603773
evid00088,48614.49056603773,48627.16981132075
evid00088,49224.6037735849,49250.56603773585
evid00088,51673.50943396227,51690.11320754717
evid00088,52496.0,52506.56603773585
evid00088,52640.45283018868,52651.622641509435
evid00088,52719.698113207545,52730.71698113208
evid00088,54076.52830188679,54088.6037735849
evid00088,54368.15094339623,54378.264150943396
evid00088,55153.96226415094,55165.28301886792
evid00088,56310.64150943396,56323.16981132075
evid00088,57656.301886792455,57666.8679245283
evid00088,58032.0,58042.264150943396
evid00088,59682.56603773585,59698.11320754717
evid00088,69495.84905660378,69509.1320754717
evid00091,13297.056603773584,13310.188679245282
evid00091,13752.452830188678,13765.433962264151
evid00091,25883.01886792453,25894.188679245282
evid00091,34443.622641509435,34456.0
evid00091,46553.660377358494,46566.64150943396
evid00091,46855.84905660377,46873.35849056604
evid00091,51672.75471698113,51686.03773584906
evid00091,53859.16981132075,56989.43396226415
evid00091,57009.50943396227,57024.45283018868
evid00091,59474.11320754717,59487.3962264151
evid00091,59637.1320754717,59650.41509433962
evid00091,63196.377358490565,63209.660377358494
evid00091,63306.56603773585,63319.54716981132
evid00091,65125.43396226415,65138.71698113208
evid00091,65261.735849056604,65275.16981132075
evid00091,67407.69811320755,67420.98113207547
evid00091,67571.32075471699,67584.60377358491
evid00091,67653.1320754717,67666.11320754717
evid00091,67842.41509433962,67855.69811320755
evid00091,68032.60377358491,68045.88679245283
evid00091,68358.18867924529,68371.32075471699
evid00091,68575.39622641509,68588.67924528301
evid00091,68822.03773584905,68835.01886792453
evid00091,68930.41509433962,68943.69811320755
evid00091,69094.49056603774,69106.8679245283
evid00091,69148.22641509434,69160.90566037736
evid00091,70261.28301886792,70272.45283018867
evid00091,73643.16981132075,73654.3396226415
evid00091,76806.94339622642,76817.35849056604
evid00091,76879.39622641509,76890.2641509434
evid00091,77394.71698113208,77411.32075471699
evid00091,78203.01886792453,78213.58490566038
evid00091,84788.07547169812,84800.75471698113
evid00093,6571.924528301887,6584.301886792453
evid00093,6631.698113207547,6644.377358490566
evid00093,6898.566037735849,6908.981132075472
evid00093,38502.188679245286,38513.056603773584
evid00093,49833.660377358494,49850.56603773585
evid00093,51673.056603773584,51684.377358490565
evid00093,52457.20754716981,52469.735849056604
evid00093,52470.49056603773,52480.75471698113
evid00093,53584.6037735849,53595.16981132075
evid00093,62761.96226415094,62772.07547169811
evid00093,64328.45283018868,64344.301886792455
evid00093,64432.45283018868,64447.54716981132
evid00093,66997.28301886792,67009.2075471698
evid00093,70610.2641509434,70621.7358490566
evid00093,72377.05660377358,72387.47169811321
evid00093,80182.94339622642,80194.2641509434
evid00093,80567.09433962264,80583.69811320755
evid00093,80584.30188679245,80596.22641509434
evid00093,81107.77358490566,81118.64150943396
evid00093,81147.92452830188,81159.69811320755
evid00093,86230.49056603774,86244.22641509434
evid00093,86360.0,86377.81132075471
evid00093,86387.77358490566,86398.18867924529
evid00094,46185.35849056604,46198.339622641506
evid00094,46532.52830188679,46545.35849056604
evid00097,427.62264150943395,439.0943396226415
evid00097,2439.0943396226417,2451.4716981132074
evid00097,2492.2264150943397,2504.754716981132
evid00097,5099.924528301887,5112.754716981132
evid00097,5276.075471698113,5288.905660377359
evid00097,26851.169811320753,26863.69811320755
evid00097,58340.22641509434,58352.6037735849
evid00097,59687.09433962264,59699.32075471698
evid00097,59707.77358490566,59720.0
evid00097,63688.45283018868,63700.83018867925
evid00097,65667.77358490566,65684.52830188679
evid00097,67117.28301886792,67129.6603773585
evid00097,67697.6603773585,67710.3396226415
evid00104,0.1509433962264151,13.433962264150944
evid00104,4817.509433962264,4827.622641509434
evid00104,4909.584905660377,4924.830188679245
evid00104,4982.188679245283,4993.056603773585
evid00104,5207.245283018868,5222.33962264151
evid00104,5548.679245283019,5564.981132075472
evid00104,6030.490566037736,6047.547169811321
evid00104,19943.849056603773,19956.377358490565
evid00104,20663.245283018867,20677.43396226415
evid00104,25712.905660377357,25725.283018867925
evid00104,27634.264150943396,27645.88679245283
evid00104,28901.283018867925,28917.584905660377
evid00104,28992.905660377357,29009.20754716981
evid00104,29152.150943396227,29167.094339622643
evid00104,46998.943396226416,47011.47169811321
evid00104,56687.54716981132,56704.75471698113
evid00104,61661.43396226415,61672.0
evid00104,63446.49056603773,63457.20754716981
evid00104,63510.49056603773,63521.96226415094
evid00104,63737.056603773584,63752.45283018868
evid00104,63978.56603773585,63994.11320754717
evid00104,65504.301886792455,65517.1320754717
evid00104,65965.58490566038,65976.0
evid00104,66334.3396226415,66344.75471698113
evid00104,66401.6603773585,66415.54716981133
evid00104,66843.62264150943,66858.71698113208
evid00104,66945.35849056604,66957.28301886792
evid00104,67206.7924528302,67217.35849056604
evid00104,67334.94339622642,67345.35849056604
evid00104,67563.92452830188,67577.2075471698
evid00104,67650.8679245283,67666.71698113208
evid00104,68310.3396226415,68320.60377358491
evid00104,68647.84905660378,68659.77358490566
evid00104,69386.71698113208,69399.69811320755
evid00104,69566.49056603774,69583.54716981133
evid00104,69666.56603773584,69679.84905660378
evid00104,69716.67924528301,69729.96226415095
evid00104,69824.90566037736,69840.0
evid00104,69938.56603773584,69954.56603773584
evid00104,70896.90566037736,70909.28301886792
evid00104,71216.0,71229.7358490566
evid00104,71428.83018867925,71445.7358490566
evid00104,72563.62264150943,72573.58490566038
evid00104,72639.39622641509,72650.71698113208
evid00104,74905.35849056604,74918.64150943396
evid00104,75011.01886792453,75024.30188679245
evid00104,75377.2075471698,75394.11320754717
evid00104,76326.3396226415,76343.24528301887
evid00104,76983.09433962264,76996.22641509434
evid00104,77083.77358490566,77097.05660377358
evid00104,78654.49056603774,78671.39622641509
evid00104,78914.71698113208,78931.62264150943
evid00104,79228.67924528301,79245.58490566038
evid00104,81455.39622641509,81472.30188679245
evid00104,84377.6603773585,84390.94339622642
evid00104,84854.03773584905,84867.32075471699
evid00104,85289.35849056604,85302.64150943396
evid00104,85702.94339622642,85719.84905660378
evid00104,85988.52830188679,86005.43396226416
evid00107,1716.6792452830189,1727.5471698113208
evid00107,3030.490566037736,3040.4528301886794
evid00107,3741.735849056604,3754.1132075471696
evid00107,8617.056603773584,8628.67924528302
evid00107,9244.67924528302,9254.943396226416
evid00107,18745.20754716981,18755.471698113208
evid00107,22343.396226415094,22358.490566037737
evid00107,22607.396226415094,22622.490566037737
evid00107,25411.77358490566,25426.867924528302
evid00107,29128.150943396227,29139.32075471698
evid00107,29515.32075471698,29525.88679245283
evid00107,31139.471698113208,31158.037735849055
evid00107,31757.43396226415,31773.132075471698
evid00107,31832.45283018868,31843.32075471698
evid00107,33167.54716981132,33179.32075471698
evid00107,33345.056603773584,33360.45283018868
evid00107,33846.79245283019,33857.811320754714
evid00107,34252.67924528302,34262.943396226416
evid00107,34465.35849056604,34475.32075471698
evid00107,34957.43396226415,34976.15094339623
evid00107,36026.264150943396,36043.16981132075
evid00107,37123.77358490566,37134.339622641506
evid00107,37556.981132075474,37568.75471698113
evid00107,39178.41509433962,39190.943396226416
evid00107,45886.943396226416,45907.77358490566
evid00107,46848.301886792455,46858.264150943396
evid00107,47345.056603773584,47357.58490566038
evid00107,49261.735849056604,49274.11320754717
evid00107,49305.811320754714,49318.188679245286
evid00107,49558.03773584906,49574.943396226416
evid00107,51420.981132075474,51437.88679245283
evid00107,51667.32075471698,51688.301886792455
evid00107,51782.79245283019,51795.622641509435
evid00107,51967.54716981132,51980.377358490565
evid00107,52066.41509433962,52079.09433962264
evid00107,52636.981132075474,52649.50943396227
evid00107,53153.35849056604,53166.188679245286
evid00107,53394.8679245283,53411.92452830189
evid00107,53550.03773584906,53562.71698113208
evid00107,53963.622641509435,53974.49056603773
evid00107,54426.56603773585,54443.622641509435
evid00107,55591.54716981132,55601.660377358494
evid00107,55601.96226415094,55612.52830188679
evid00107,57075.77358490566,57095.54716981132
evid00107,58589.58490566038,58610.264150943396
evid00107,59083.018867924526,59100.377358490565
evid00107,59483.32075471698,59494.339622641506
evid00107,60510.64150943396,60521.35849056604
evid00107,61480.6037735849,61491.16981132075
evid00107,61494.64150943396,61505.35849056604
evid00107,63664.45283018868,63676.52830188679
evid00107,64077.28301886792,64087.24528301887
evid00107,64179.018867924526,64190.79245283019
evid00107,64653.28301886792,64664.90566037736
evid00107,64757.43396226415,64769.35849056604
evid00107,66878.03773584905,66907.92452830188
evid00107,73128.30188679245,73140.37735849057
evid00107,76305.81132075471,76316.37735849057
evid00107,76337.50943396226,76349.7358490566
evid00107,81531.92452830188,81547.92452830188
evid00107,86112.45283018867,86122.8679245283
evid00109,6481.509433962264,6494.188679245283
evid00109,7076.830188679245,7086.792452830188
evid00109,11523.32075471698,11538.264150943396
evid00109,11538.415094339623,11548.377358490567
evid00109,13152.603773584906,13169.358490566037
evid00109,14396.377358490567,14408.905660377359
evid00109,14724.67924528302,14747.169811320755
evid00109,16137.509433962265,16149.88679245283
evid00109,16150.188679245282,16162.867924528302
evid00109,16723.471698113208,16736.150943396227
evid00109,17014.943396226416,17028.22641509434
evid00109,17117.88679245283,17130.867924528302
evid00109,17910.64150943396,17923.77358490566
evid00109,18345.811320754718,18362.716981132075
evid00109,20991.245283018867,21003.622641509435
evid00109,21017.811320754718,21030.188679245282
evid00109,22476.528301886792,22497.35849056604
evid00109,24434.56603773585,24447.245283018867
evid00109,24458.11320754717,24470.79245283019
evid00109,25816.45283018868,25833.35849056604
evid00109,26553.66037735849,26570.56603773585
evid00109,26649.35849056604,26661.735849056604
evid00109,27227.01886792453,27239.396226415094
evid00109,27273.509433962263,27285.88679245283
evid00109,27751.54716981132,27768.45283018868
evid00109,27994.264150943396,28006.188679245282
evid00109,29175.245283018867,29192.150943396227
evid00109,30460.075471698114,30476.98113207547
evid00109,32472.45283018868,32485.735849056604
evid00109,34426.8679245283,34440.15094339623
evid00109,35043.92452830189,35060.83018867925
evid00109,35293.28301886792,35310.188679245286
evid00109,36294.79245283019,36311.54716981132
evid00109,36823.24528301887,36840.15094339623
evid00109,37562.264150943396,37579.16981132075
evid00109,38053.1320754717,38066.41509433962
evid00109,38897.20754716981,38914.11320754717
evid00109,41070.79245283019,41087.698113207545
evid00109,41457.811320754714,41474.56603773585
evid00109,43188.22641509434,43205.1320754717
evid00109,44980.377358490565,44990.49056603773
evid00109,45372.22641509434,45392.45283018868
evid00109,45706.56603773585,45721.50943396227
evid00109,45954.8679245283,45974.339622641506
evid00109,46735.698113207545,46748.22641509434
evid00109,47254.03773584906,47267.32075471698
evid00109,50644.22641509434,50657.20754716981
evid00109,50725.735849056604,50738.71698113208
evid00109,51674.41509433962,51686.188679245286
evid00109,52572.22641509434,52585.056603773584
evid00109,52656.0,52668.83018867925
evid00109,52788.22641509434,52801.50943396227
evid00109,53479.3962264151,53496.0
evid00109,53553.811320754714,53570.41509433962
evid00109,57407.84905660377,57419.018867924526
evid00109,58583.24528301887,58593.660377358494
evid00109,60459.018867924526,60471.3962264151
evid00109,61171.92452830189,61182.339622641506
evid00109,62310.943396226416,62326.03773584906
evid00109,62676.377358490565,62688.301886792455
evid00109,62877.28301886792,62891.47169811321
evid00109,64651.92452830189,64663.24528301887
evid00109,70061.1320754717,70073.05660377358
evid00109,70517.58490566038,70530.56603773584
evid00109,70615.54716981133,70625.50943396226
evid00109,70705.50943396226,70718.18867924529
evid00109,71422.49056603774,71432.90566037736
evid00109,73634.41509433962,73645.7358490566
evid00109,73868.67924528301,73879.09433962264
evid00109,74332.22641509434,74348.07547169812
evid00109,75112.30188679245,75127.39622641509
evid00109,75287.84905660378,75298.71698113208
evid00109,77112.60377358491,77125.7358490566
evid00109,78049.50943396226,78066.41509433962
evid00109,79438.64150943396,79455.54716981133
evid00109,81076.52830188679,81086.64150943396
evid00109,81096.30188679245,81119.09433962264
evid00109,81179.62264150943,81193.2075471698
evid00109,81193.35849056604,81206.18867924529
evid00109,81277.43396226416,81292.37735849057
evid00109,82781.88679245283,82792.60377358491
evid00109,83554.71698113208,83565.1320754717
evid00109,83621.58490566038,83632.30188679245
evid00109,84070.7924528302,84082.56603773584
evid00109,84234.2641509434,84247.54716981133
evid00109,85637.88679245283,85660.52830188679
evid00109,86060.67924528301,86071.09433962264
evid00109,86282.56603773584,86307.62264150943
evid00109,86365.58490566038,86398.49056603774
evid00112,13668.528301886792,13681.811320754718
evid00112,15027.018867924528,15043.924528301886
evid00112,21103.396226415094,21116.67924528302
evid00112,34840.75471698113,34854.03773584906
evid00112,37180.07547169811,37193.056603773584
evid00112,45493.43396226415,45505.811320754714
evid00112,45599.84905660377,45612.67924528302
evid00112,45678.943396226416,45697.96226415094
evid00112,47385.660377358494,47398.64150943396
evid00112,53016.0,53039.09433962264
evid00112,53360.6037735849,53373.58490566038
evid00112,53497.96226415094,53511.24528301887
evid00112,54103.3962264151,54117.28301886792
evid00112,54118.943396226416,54132.07547169811
evid00112,54323.018867924526,54335.698113207545
evid00112,54391.3962264151,54404.07547169811
evid00112,54499.32075471698,54512.301886792455
evid00112,54608.6037735849,54621.58490566038
evid00112,62109.28301886792,62120.75471698113
evid00113,118.49056603773585,128.45283018867926
evid00113,2358.943396226415,2369.509433962264
evid00113,2492.830188679245,2505.6603773584907
evid00113,4189.433962264151,4201.811320754717
evid00113,4254.037735849057,4266.566037735849
evid00113,4597.584905660377,4607.698113207547
evid00113,6701.88679245283,6715.169811320755
evid00113,6802.11320754717,6815.396226415094
evid00113,17545.811320754718,17563.01886792453
evid00113,21538.11320754717,21548.528301886792
evid00113,22223.54716981132,22235.622641509435
evid00113,24512.603773584906,24525.88679245283
evid00113,24618.867924528302,24632.150943396227
evid00113,28688.603773584906,28700.98113207547
evid00113,33157.1320754717,33170.11320754717
evid00113,33454.49056603773,33467.77358490566
evid00113,38710.188679245286,38720.15094339623
evid00113,39326.03773584906,39336.15094339623
evid00113,39947.92452830189,39967.54716981132
evid00113,40739.622641509435,40751.54716981132
evid00113,41963.47169811321,41974.943396226416
evid00113,42435.32075471698,42447.84905660377
evid00113,44635.16981132075,44649.50943396227
evid00113,47635.77358490566,47647.84905660377
evid00113,48654.79245283019,48664.75471698113
evid00113,49232.15094339623,49242.11320754717
evid00113,49254.188679245286,49266.11320754717
evid00113,50390.188679245286,50401.50943396227
evid00113,51370.56603773585,51381.58490566038
evid00113,51480.45283018868,51496.75471698113
evid00113,51671.698113207545,51687.54716981132
evid00113,52044.52830188679,52064.75471698113
evid00113,54685.43396226415,54696.0
evid00113,56803.32075471698,56818.8679245283
evid00113,57728.75471698113,57742.03773584906
evid00113,58243.47169811321,58255.09433962264
evid00113,58337.50943396227,58349.58490566038
evid00113,58717.58490566038,58729.35849056604
evid00113,62061.1320754717,62073.20754716981
evid00113,62617.20754716981,62627.16981132075
evid00113,80158.03773584905,80169.35849056604
evid00113,81440.45283018867,81458.8679245283
evid00113,84847.09433962264,84860.37735849057
evid00113,85005.88679245283,85019.16981132075
evid00113,85235.77358490566,85252.98113207547
evid00113,85703.54716981133,85714.71698113208
evid00113,85808.45283018867,85821.1320754717
evid00113,86225.50943396226,86238.7924528302
evid00114,4504.452830188679,4516.981132075472
evid00114,7888.301886792453,7898.264150943396
evid00114,9045.584905660377,9056.603773584906
evid00114,22639.54716981132,22651.32075471698
evid00114,22726.490566037737,22736.45283018868
evid00114,23807.54716981132,23821.132075471698
evid00114,25934.037735849055,25954.867924528302
evid00114,26576.603773584906,26586.867924528302
evid00114,26650.264150943396,26661.132075471698
evid00114,32142.64150943396,32153.20754716981
evid00114,35200.301886792455,35214.64150943396
evid00114,36278.03773584906,36288.6037735849
evid00114,37882.11320754717,37898.56603773585
evid00114,38535.09433962264,38548.67924528302
evid00114,38611.32075471698,38621.58490566038
evid00114,38684.67924528302,38697.20754716981
evid00114,38902.03773584906,38912.45283018868
evid00114,39163.622641509435,39178.41509433962
evid00114,39284.07547169811,39296.90566037736
evid00114,39563.92452830189,39574.339622641506
evid00114,39616.90566037736,39636.83018867925
evid00114,40776.15094339623,40789.735849056604
evid00114,41948.67924528302,41958.943396226416
evid00114,42422.339622641506,42432.301886792455
evid00114,42611.47169811321,42623.54716981132
evid00114,43008.301886792455,43024.45283018868
evid00114,43532.52830188679,43544.6037735849
evid00114,43644.22641509434,43654.188679245286
evid00114,44208.45283018868,44219.16981132075
evid00114,45217.660377358494,45233.660377358494
evid00114,45768.15094339623,45778.264150943396
evid00114,45843.622641509435,45855.54716981132
evid00114,46264.75471698113,46276.52830188679
evid00114,46397.58490566038,46407.698113207545
evid00114,47399.698113207545,47411.622641509435
evid00114,47503.3962264151,47516.981132075474
evid00114,47583.84905660377,47599.698113207545
evid00114,47600.15094339623,47614.339622641506
evid00114,47715.47169811321,47728.90566037736
evid00114,48138.11320754717,48149.1320754717
evid00114,48199.698113207545,48209.660377358494
evid00114,48268.22641509434,48278.339622641506
evid00114,48678.188679245286,48688.45283018868
evid00114,51672.301886792455,51683.77358490566
evid00114,53123.47169811321,53135.3962264151
evid00114,53222.339622641506,53240.75471698113
evid00114,53300.52830188679,53313.20754716981
evid00114,53313.35849056604,53324.22641509434
evid00114,53694.79245283019,53705.35849056604
evid00114,53705.811320754714,53720.15094339623
evid00114,54239.09433962264,54250.41509433962
evid00114,54383.84905660377,54399.84905660377
evid00114,54483.018867924526,54496.75471698113
evid00114,55408.15094339623,55420.67924528302
evid00114,56071.84905660377,56081.96226415094
evid00114,56622.943396226416,56636.377358490565
evid00114,56636.52830188679,56648.15094339623
evid00114,57053.735849056604,57064.15094339623
evid00114,58361.35849056604,58374.64150943396
evid00114,59285.1320754717,59298.41509433962
evid00114,66707.32075471699,66720.90566037736
evid00114,67441.96226415095,67452.07547169812
evid00114,69986.71698113208,69999.69811320755
evid00114,70278.7924528302,70290.11320754717
evid00114,72302.94339622642,72314.41509433962
evid00114,73898.11320754717,73908.83018867925
evid00114,74605.7358490566,74628.98113207547
evid00114,75178.11320754717,75188.83018867925
evid00114,75347.92452830188,75360.30188679245
evid00114,76336.30188679245,76348.22641509434
evid00114,76417.50943396226,76428.83018867925
evid00114,76494.64150943396,76505.6603773585
evid00114,77547.16981132075,77557.28301886792
evid00114,78673.6603773585,78684.07547169812
evid00114,80349.1320754717,80359.54716981133
evid00114,80372.22641509434,80383.54716981133
evid00114,82566.64150943396,82581.58490566038
evid00114,82632.75471698113,82643.47169811321
evid00114,82736.30188679245,82747.01886792453
evid00114,83111.69811320755,83123.16981132075
evid00114,83714.8679245283,83739.47169811321
evid00114,84771.62264150943,84785.6603773585
evid00114,86037.1320754717,86047.39622641509
evid00117,6672.0,6684.528301886792
evid00117,7080.754716981132,7091.169811320755
evid00117,7686.490566037736,7698.415094339623
evid00117,8614.037735849057,8627.622641509433
evid00117,8672.603773584906,8692.075471698114
evid00117,8924.528301886792,8937.207547169812
evid00117,9272.905660377359,9282.867924528302
evid00117,9870.943396226416,9897.962264150943
evid00117,10050.867924528302,10080.0
evid00117,10137.509433962265,10150.792452830188
evid00117,10211.77358490566,10238.792452830188
evid00117,10324.981132075472,10336.603773584906
evid00117,10446.792452830188,10462.641509433963
evid00117,10580.67924528302,10592.150943396226
evid00117,10643.77358490566,10655.245283018869
evid00117,10810.415094339623,10826.264150943396
evid00117,11269.433962264151,11281.358490566037
evid00117,11388.377358490567,11401.66037735849
evid00117,11513.207547169812,11525.283018867925
evid00117,13033.056603773584,13046.33962264151
evid00117,13122.415094339623,13135.698113207547
evid00117,13258.264150943396,13269.584905660377
evid00117,13456.754716981131,13470.33962264151
evid00117,13473.056603773584,13486.188679245282
evid00117,13892.22641509434,13913.66037735849
evid00117,14103.547169811322,14125.283018867925
evid00117,14319.698113207547,14336.603773584906
evid00117,14857.509433962265,14867.622641509433
evid00117,14953.358490566037,14964.22641509434
evid00117,15174.037735849057,15190.943396226416
evid00117,15391.094339622641,15402.867924528302
evid00117,15605.584905660377,15620.075471698114
evid00117,15691.622641509433,15711.849056603774
evid00117,15868.528301886792,15879.094339622641
evid00117,15896.0,15905.962264150943
evid00117,15976.905660377359,15992.0
evid00117,16067.924528301886,16081.358490566037
evid00117,16245.735849056604,16262.641509433963
evid00117,17104.30188679245,17119.396226415094
evid00117,17533.584905660377,17550.490566037737
evid00117,18102.188679245282,18119.396226415094
evid00117,18853.584905660377,18865.056603773584
evid00117,34885.58490566038,34898.11320754717
evid00117,37001.811320754714,37014.64150943396
evid00117,37113.660377358494,37126.49056603773
evid00117,47622.49056603773,47632.45283018868
evid00117,47636.83018867925,47646.943396226416
evid00117,49787.92452830189,49803.77358490566
evid00117,51201.20754716981,51214.49056603773
evid00117,51286.03773584906,51299.018867924526
evid00117,51560.6037735849,51573.43396226415
evid00117,51678.188679245286,51690.71698113208
evid00117,51944.301886792455,51954.8679245283
evid00117,54242.8679245283,54256.90566037736
evid00117,55027.77358490566,55046.943396226416
evid00117,57236.83018867925,57251.018867924526
evid00117,61767.24528301887,61779.77358490566
evid00117,81304.60377358491,81314.8679245283
evid00120,567.0943396226415,577.2075471698113
evid00120,577.3584905660377,587.622641509434
evid00120,587.7735849056604,601.811320754717
evid00120,711.3962264150944,723.9245283018868
evid00120,8299.471698113208,8315.622641509433
evid00120,8378.566037735849,8389.88679245283
evid00120,8900.075471698114,8911.547169811322
evid00120,8970.11320754717,8985.207547169812
evid00120,9439.094339622641,9449.811320754718
evid00120,9956.22641509434,9971.32075471698
evid00120,10491.77358490566,10502.792452830188
evid00120,15576.301886792453,15593.811320754718
evid00120,16782.33962264151,16819.924528301886
evid00120,17783.245283018867,17806.490566037737
evid00120,18946.867924528302,18962.415094339623
evid00120,23430.037735849055,23443.32075471698
evid00120,23525.43396226415,23538.716981132075
evid00120,23855.849056603773,23865.811320754718
evid00120,24450.867924528302,24460.98113207547
evid00120,24585.20754716981,24597.735849056604
evid00120,24639.69811320755,24651.622641509435
evid00120,24697.509433962263,24710.64150943396
evid00120,24710.79245283019,24722.56603773585
evid00120,26925.132075471698,26935.396226415094
evid00120,27321.962264150945,27332.075471698114
evid00120,31226.264150943396,31236.830188679247
evid00120,31457.20754716981,31474.264150943396
evid00120,31783.245283018867,31794.415094339623
evid00120,31918.490566037737,31929.35849056604
evid00120,32404.377358490565,32420.528301886792
evid00120,32897.20754716981,32910.49056603773
evid00120,33179.77358490566,33193.20754716981
evid00120,33985.50943396227,33997.58490566038
evid00120,35227.47169811321,35238.03773584906
evid00120,35319.84905660377,35331.32075471698
evid00120,35604.52830188679,35614.943396226416
evid00120,37277.28301886792,37289.96226415094
evid00120,39873.20754716981,39890.264150943396
evid00120,40911.698113207545,40929.811320754714
evid00120,41339.16981132075,41351.09433962264
evid00120,41867.018867924526,41883.622641509435
evid00120,41961.96226415094,41976.15094339623
evid00120,42337.50943396227,42352.6037735849
evid00120,42404.52830188679,42415.84905660377
evid00120,44227.92452830189,44241.35849056604
evid00120,45057.50943396227,45067.622641509435
evid00120,45238.79245283019,45250.11320754717
evid00120,45352.90566037736,45364.83018867925
evid00120,46393.660377358494,46411.622641509435
evid00120,47382.943396226416,47394.8679245283
evid00120,49342.79245283019,49359.84905660377
evid00120,49647.54716981132,49659.018867924526
evid00120,49739.16981132075,49750.49056603773
evid00120,50425.20754716981,50437.58490566038
evid00120,50461.43396226415,50473.811320754714
evid00120,50643.47169811321,50659.018867924526
evid00120,51084.22641509434,51096.75471698113
evid00120,51267.018867924526,51278.188679245286
evid00120,51675.92452830189,51688.75471698113
evid00120,53899.47169811321,53911.698113207545
evid00120,54069.43396226415,54082.41509433962
evid00120,54156.07547169811,54169.35849056604
evid00120,54335.698113207545,54346.56603773585
evid00120,54346.71698113208,54357.58490566038
evid00120,54563.92452830189,54576.90566037736
evid00120,59633.660377358494,59649.50943396227
evid00120,59673.20754716981,59693.58490566038
evid00120,59708.67924528302,59738.56603773585
evid00120,59743.698113207545,63470.49056603773
evid00120,63470.64150943396,63500.52830188679
evid00120,63515.622641509435,63531.47169811321
evid00120,67460.22641509434,67473.50943396226
evid00120,68850.11320754717,68862.49056603774
evid00120,69307.01886792453,69317.58490566038
evid00120,72158.3396226415,72168.30188679245
evid00120,73632.60377358491,73645.1320754717
evid00120,76589.88679245283,76601.05660377358
evid00120,77107.92452830188,77120.60377358491
evid00120,77238.7924528302,77251.01886792453
evid00120,77258.11320754717,77270.64150943396
evid00120,77714.71698113208,77731.77358490566
evid00120,78711.84905660378,78723.16981132075
evid00120,79416.15094339622,79428.37735849057
evid00120,80951.54716981133,80963.01886792453
evid00120,83228.07547169812,83238.7924528302
evid00120,86144.75471698113,86157.43396226416
evid00120,86157.58490566038,86171.92452830188
evid00121,228.9811320754717,239.54716981132074
evid00121,761.811320754717,778.8679245283018
evid00121,858.566037735849,875.3207547169811
evid00121,7002.264150943396,7012.830188679245
evid00121,7981.584905660377,7993.66037735849
evid00121,8488.754716981131,8500.67924528302
evid00121,8564.981132075472,8584.452830188678
evid00121,8676.075471698114,8688.452830188678
evid00121,9189.283018867925,9199.245283018869
evid00121,9779.622641509433,9792.905660377359
evid00121,10710.792452830188,10721.66037735849
evid00121,11864.301886792453,11876.22641509434
evid00121,13641.358490566037,13654.188679245282
evid00121,14811.018867924528,14823.245283018869
evid00121,19424.754716981133,19435.169811320753
evid00121,20346.56603773585,20363.32075471698
evid00121,22627.32075471698,22639.849056603773
evid00121,22644.830188679247,22655.245283018867
evid00121,24172.075471698114,24183.849056603773
evid00121,24184.0,24194.264150943396
evid00121,24244.830188679247,24256.905660377357
evid00121,24290.867924528302,24308.22641509434
evid00121,24403.471698113208,24423.396226415094
evid00121,25549.132075471698,25561.056603773584
evid00121,25989.88679245283,26004.67924528302
evid00121,26671.094339622643,26687.69811320755
evid00121,27030.33962264151,27046.943396226416
evid00121,28334.490566037737,28351.245283018867
evid00121,28876.528301886792,28887.396226415094
evid00121,29888.150943396227,29900.075471698114
evid00121,30004.830188679247,30016.905660377357
evid00121,31469.735849056604,31481.056603773584
evid00121,33274.11320754717,33288.15094339623
evid00121,33536.6037735849,33549.28301886792
evid00121,34306.11320754717,34323.018867924526
evid00121,34865.660377358494,34877.735849056604
evid00121,36492.377358490565,36506.56603773585
evid00121,37234.11320754717,37245.58490566038
evid00121,38307.92452830189,38324.83018867925
evid00121,40054.64150943396,40068.07547169811
evid00121,41519.09433962264,41533.88679245283
evid00121,42145.50943396227,42162.41509433962
evid00121,42454.339622641506,42471.24528301887
evid00121,45513.811320754714,45524.52830188679
evid00121,46899.018867924526,46915.92452830189
evid00121,47052.07547169811,47068.83018867925
evid00121,47705.811320754714,47720.15094339623
evid00121,47721.96226415094,47733.28301886792
evid00121,49931.018867924526,49943.09433962264
evid00121,50489.50943396227,50501.88679245283
evid00121,51096.75471698113,51107.16981132075
evid00121,51668.22641509434,51688.301886792455
evid00121,53272.6037735849,53283.622641509435
evid00121,53819.018867924526,53830.943396226416
evid00121,58782.79245283019,58794.56603773585
evid00121,58794.71698113208,58806.79245283019
evid00121,58862.339622641506,58875.16981132075
evid00121,58954.264150943396,58967.54716981132
evid00121,59441.811320754714,59452.22641509434
evid00121,59511.54716981132,59525.43396226415
evid00121,59940.981132075474,59951.698113207545
evid00121,67240.15094339622,67252.07547169812
evid00121,70727.39622641509,70738.71698113208
evid00121,71486.64150943396,71499.16981132075
evid00121,72613.28301886792,72625.2075471698
evid00121,76322.8679245283,76342.03773584905
evid00121,79667.32075471699,79680.60377358491
evid00121,79767.84905660378,79780.67924528301
evid00121,82650.8679245283,82661.7358490566
evid00121,83161.50943396226,83172.07547169812
evid00127,1618.7169811320755,1635.622641509434
evid00127,2484.6792452830186,2496.754716981132
evid00127,3829.433962264151,3846.3396226415093
evid00127,3973.132075471698,3990.0377358490564
evid00127,4188.679245283019,4205.584905660377
evid00127,4686.188679245283,4703.094339622641
evid00127,4823.8490566037735,4837.132075471698
evid00127,5019.471698113208,5036.377358490566
evid00127,5349.132075471698,5366.037735849057
evid00127,5822.188679245283,5833.509433962264
evid00127,5852.226415094339,5865.056603773585
evid00127,5942.792452830188,5954.867924528302
evid00127,6111.396226415094,6126.490566037736
evid00127,6187.018867924528,6199.094339622641
evid00127,6262.641509433963,6275.471698113208
evid00127,6645.433962264151,6662.33962264151
evid00127,7329.358490566037,7340.075471698113
evid00127,7889.811320754717,7906.7169811320755
evid00127,8064.301886792453,8081.207547169812
evid00127,8664.603773584906,8674.716981132075
evid00127,9186.716981132075,9203.622641509433
evid00127,9770.566037735849,9787.622641509433
evid00127,10115.924528301886,10132.830188679245
evid00127,10211.924528301886,10228.830188679245
evid00127,10316.67924528302,10329.056603773584
evid00127,10438.943396226416,10456.0
evid00127,10866.566037735849,10878.33962264151
evid00127,10935.547169811322,10947.471698113208
evid00127,11008.0,11027.471698113208
evid00127,11140.377358490567,11157.132075471698
evid00127,11462.037735849057,11477.132075471698
evid00127,12163.924528301886,12180.830188679245
evid00127,13279.094339622641,13296.0
evid00127,13970.415094339623,13987.471698113208
evid00127,14313.962264150943,14330.867924528302
evid00127,14571.77358490566,14588.67924528302
evid00127,14815.698113207547,14832.603773584906
evid00127,14903.396226415094,14919.396226415094
evid00127,14925.735849056604,14938.867924528302
evid00127,17599.094339622643,17612.377358490565
evid00127,17719.245283018867,17732.528301886792
evid00127,18978.716981132075,18995.622641509435
evid00127,19562.716981132075,19573.132075471698
evid00127,51228.22641509434,51239.24528301887
evid00127,65611.16981132075,65623.09433962264
evid00127,71645.88679245283,71660.52830188679
evid00136,20128.905660377357,20145.509433962263
evid00136,37940.22641509434,37950.49056603773
evid00136,49974.64150943396,49990.79245283019
evid00136,51674.71698113208,51686.64150943396
evid00136,54225.660377358494,54243.018867924526
evid00136,57191.09433962264,57203.92452830189
evid00136,57274.8679245283,57287.84905660377
evid00137,28491.32075471698,28504.150943396227
evid00137,28684.98113207547,28697.962264150945
evid00137,28950.188679245282,28962.56603773585
evid00137,28973.735849056604,28985.962264150945
evid00137,29148.22641509434,29160.754716981133
evid00137,29220.075471698114,29232.754716981133
evid00137,30388.22641509434,30404.830188679247
evid00137,35306.71698113208,35319.09433962264
evid00137,35351.3962264151,35363.77358490566
evid00137,44924.67924528302,44937.660377358494
evid00137,46395.77358490566,50216.45283018868
evid00137,50235.622641509435,50246.49056603773
evid00137,51675.47169811321,51688.45283018868
evid00137,53942.188679245286,53955.92452830189
evid00137,53956.981132075474,53970.41509433962
evid00137,55641.811320754714,55661.43396226415
evid00137,56575.3962264151,56587.92452830189
evid00137,59641.660377358494,59652.981132075474
evid00137,65038.64150943396,65055.24528301887
evid00137,75159.69811320755,75172.22641509434
evid00137,82302.94339622642,82314.41509433962
evid00138,6931.924528301887,6945.207547169812
evid00138,7426.7169811320755,7439.547169811321
evid00138,13567.698113207547,13580.67924528302
evid00138,13756.075471698114,13768.905660377359
evid00138,18389.132075471698,18401.66037735849
evid00138,18512.30188679245,18524.67924528302
evid00138,20829.132075471698,20841.66037735849
evid00138,21722.56603773585,21735.094339622643
evid00138,28934.188679245282,28947.01886792453
evid00138,29027.32075471698,29040.30188679245
evid00138,32151.849056603773,32164.830188679247
evid00138,32349.88679245283,32362.716981132075
evid00138,50264.45283018868,50275.77358490566
evid00138,51464.301886792455,51474.41509433962
evid00138,51673.660377358494,51685.58490566038
evid00138,69598.7924528302,69611.32075471699
evid00138,75055.39622641509,75072.30188679245
evid00138,75168.45283018867,75181.58490566038
evid00138,75223.24528301887,75235.92452830188
evid00140,1909.2830188679245,1921.6603773584907
evid00140,7639.547169811321,7651.924528301887
evid00140,8707.924528301886,8719.245283018869
evid00140,19460.22641509434,19484.528301886792
evid00140,20230.490566037737,20243.32075471698
evid00140,21646.33962264151,21660.98113207547
evid00140,22844.075471698114,22860.98113207547
evid00140,23328.150943396227,23340.98113207547
evid00140,23435.32075471698,23452.22641509434
evid00140,24589.43396226415,24602.11320754717
evid00140,30663.094339622643,30674.716981132075
evid00140,31890.11320754717,31903.396226415094
evid00140,36494.79245283019,36507.622641509435
evid00140,42195.32075471698,42212.377358490565
evid00140,50929.35849056604,50945.96226415094
evid00140,51671.09433962264,51683.16981132075
evid00140,52126.188679245286,52142.943396226416
evid00140,54976.0,54988.377358490565
evid00140,59167.09433962264,59184.0
evid00140,59282.8679245283,59295.698113207545
evid00140,59481.20754716981,59503.698113207545
evid00140,80097.6603773585,80113.05660377358
evid00141,5908.075471698113,5920.905660377359
evid00141,7687.8490566037735,7700.377358490566
evid00141,9600.603773584906,9613.132075471698
evid00141,19687.245283018867,19710.188679245282
evid00141,25001.66037735849,25014.188679245282
evid00141,27179.01886792453,27191.69811320755
evid00141,38719.84905660377,38730.264150943396
evid00141,41438.49056603773,41455.3962264151
evid00141,42811.47169811321,42828.07547169811
evid00141,45114.71698113208,45130.11320754717
evid00141,46872.6037735849,46883.92452830189
evid00141,46884.377358490565,46896.301886792455
evid00141,67237.43396226416,67249.96226415095
evid00141,82574.18867924529,82585.50943396226
evid00141,82585.6603773585,82597.28301886792
evid00141,84814.49056603774,84826.41509433962
evid00141,85006.49056603774,85018.8679245283
evid00141,86268.52830188679,86283.16981132075
evid00142,451.47169811320754,463.39622641509436
evid00142,1591.8490566037735,1602.1132075471698
evid00142,3224.301886792453,3236.377358490566
evid00142,18238.037735849055,18249.35849056604
evid00142,18617.509433962263,18630.33962264151
evid00142,19195.32075471698,19208.150943396227
evid00142,19886.79245283019,19903.54716981132
evid00142,20398.490566037737,20410.56603773585
evid00142,20840.0,20852.830188679247
evid00142,21432.30188679245,21445.132075471698
evid00142,22124.22641509434,22137.056603773584
evid00142,22616.603773584906,22628.98113207547
evid00142,22661.88679245283,22674.415094339623
evid00142,23330.415094339623,23343.094339622643
evid00142,23525.88679245283,23539.471698113208
evid00142,23540.67924528302,23553.962264150945
evid00142,23910.79245283019,23923.622641509435
evid00142,24106.415094339623,24119.094339622643
evid00142,24288.905660377357,24300.830188679247
evid00142,24511.849056603773,24531.471698113208
evid00142,25417.962264150945,25434.867924528302
evid00142,25824.0,25836.528301886792
evid00142,26216.150943396227,26229.132075471698
evid00142,26300.67924528302,26313.66037735849
evid00142,26461.584905660377,26478.490566037737
evid00142,27169.509433962263,27186.415094339623
evid00142,27602.11320754717,27616.905660377357
evid00142,28097.66037735849,28114.415094339623
evid00142,29580.830188679247,29593.66037735849
evid00142,30295.69811320755,30306.11320754717
evid00142,30389.584905660377,30401.509433962263
evid00142,30760.905660377357,30771.32075471698
evid00142,31014.64150943396,31027.924528301886
evid00142,31119.396226415094,31132.377358490565
evid00142,31319.849056603773,31332.830188679247
evid00142,31401.35849056604,31414.33962264151
evid00142,32385.962264150945,32402.716981132075
evid00142,32846.03773584906,32858.71698113208
evid00142,33300.83018867925,33317.735849056604
evid00142,33736.6037735849,33749.43396226415
evid00142,33979.77358490566,33992.301886792455
evid00142,34692.07547169811,34704.75471698113
evid00142,34717.43396226415,34729.811320754714
evid00142,35464.0,35476.83018867925
evid00142,35643.622641509435,35656.0
evid00142,35688.301886792455,35700.67924528302
evid00142,35859.32075471698,35872.6037735849
evid00142,35971.622641509435,35984.90566037736
evid00142,36207.24528301887,36219.92452830189
evid00142,36507.018867924526,36517.58490566038
evid00142,37351.3962264151,37364.07547169811
evid00142,37899.77358490566,37916.377358490565
evid00142,38686.79245283019,38703.84905660377
evid00142,38891.622641509435,38904.45283018868
evid00142,39701.58490566038,39713.96226415094
evid00142,39736.6037735849,39748.981132075474
evid00142,40213.28301886792,40230.188679245286
evid00142,40398.64150943396,40411.47169811321
evid00142,41143.84905660377,41156.83018867925
evid00142,41264.90566037736,41278.188679245286
evid00142,41985.056603773584,41997.58490566038
evid00142,42563.32075471698,42576.301886792455
evid00142,42641.811320754714,42654.79245283019
evid00142,42948.83018867925,42962.11320754717
evid00142,43044.83018867925,43058.11320754717
evid00142,43686.03773584906,43703.09433962264
evid00142,43807.3962264151,43820.67924528302
evid00142,43895.84905660377,43908.83018867925
evid00142,44043.018867924526,44059.77358490566
evid00142,44291.622641509435,44304.90566037736
evid00142,44581.58490566038,44598.49056603773
evid00142,45000.6037735849,45017.35849056604
evid00142,45579.018867924526,45591.698113207545
evid00142,45731.16981132075,45748.07547169811
evid00142,46329.50943396227,46346.41509433962
evid00142,46903.54716981132,46916.22641509434
evid00142,47134.188679245286,47147.47169811321
evid00142,47289.056603773584,47302.03773584906
evid00142,47726.03773584906,47739.16981132075
evid00142,47868.07547169811,47881.056603773584
evid00142,49528.45283018868,49544.75471698113
evid00142,54500.67924528302,54511.24528301887
evid00142,54566.49056603773,54578.41509433962
evid00142,62514.264150943396,62525.43396226415
evid00142,76406.3396226415,76418.11320754717
evid00142,76966.3396226415,76978.2641509434
evid00142,76984.45283018867,76997.7358490566
evid00142,77083.01886792453,77100.83018867925
evid00142,79837.58490566038,79849.6603773585
evid00142,80429.1320754717,80439.09433962264
evid00142,80452.98113207547,80464.0
evid00142,80523.77358490566,80540.83018867925
evid00142,80929.96226415095,80940.98113207547
evid00142,83580.22641509434,83590.7924528302
evid00142,84692.37735849057,84716.22641509434
evid00142,84777.35849056604,84788.98113207547
evid00142,86376.45283018867,86391.39622641509
evid00144,5137.509433962264,5150.037735849057
evid00144,18113.66037735849,18125.43396226415
evid00144,26563.169811320753,26575.245283018867
evid00144,28466.56603773585,28479.396226415094
evid00144,29064.754716981133,29077.735849056604
evid00145,268.52830188679246,282.2641509433962
evid00145,1348.8301886792453,1361.3584905660377
evid00145,1617.6603773584907,1628.377358490566
evid00145,2693.433962264151,2707.9245283018868
evid00145,2982.188679245283,2994.867924528302
evid00145,7482.566037735849,7495.547169811321
evid00145,23719.245283018867,23731.169811320753
evid00145,24896.603773584906,24908.377358490565
evid00145,26396.22641509434,26415.094339622643
evid00145,31291.77358490566,31305.66037735849
evid00145,33240.45283018868,33256.301886792455
evid00145,50522.8679245283,50539.77358490566
evid00145,60310.943396226416,60323.32075471698
evid00145,61547.32075471698,61559.09433962264
evid00145,70555.16981132075,70567.09433962264
evid00145,74793.6603773585,74806.03773584905
evid00145,76915.92452830188,76928.30188679245
evid00145,80248.60377358491,80260.98113207547
evid00145,80312.0,80324.67924528301
evid00145,84462.49056603774,84474.11320754717
evid00149,114.11320754716981,125.88679245283019
evid00149,667.7735849056604,679.5471698113207
evid00149,1572.2264150943397,1584.754716981132
evid00149,2033.5094339622642,2045.132075471698
evid00149,2334.188679245283,2345.811320754717
evid00149,2471.245283018868,2483.0188679245284
evid00149,2659.622641509434,2671.8490566037735
evid00149,41866.8679245283,41879.24528301887
evid00150,0.1509433962264151,10.11320754716981
evid00150,42715.77358490566,42727.09433962264
evid00150,45968.0,45983.698113207545
evid00150,65413.1320754717,65426.41509433962
evid00150,74376.45283018867,74388.98113207547
evid00150,75481.6603773585,75494.94339622642
evid00150,75787.62264150943,75804.37735849057
evid00150,76366.94339622642,76382.94339622642
evid00150,76397.1320754717,76410.2641509434
evid00150,77429.7358490566,77449.05660377358
evid00150,77459.16981132075,77475.16981132075
evid00150,77977.96226415095,77990.94339622642
evid00150,78368.75471698113,78385.6603773585
evid00150,78705.6603773585,78718.3396226415
evid00150,79008.75471698113,79021.43396226416
evid00150,79824.60377358491,79837.88679245283
evid00150,80037.1320754717,80054.03773584905
evid00150,80131.62264150943,80143.54716981133
evid00150,80188.83018867925,80201.96226415095
evid00150,80734.49056603774,80751.39622641509
evid00150,81007.39622641509,81020.67924528301
evid00150,81433.2075471698,81444.98113207547
evid00150,81523.01886792453,81539.16981132075
evid00150,81584.15094339622,81600.45283018867
evid00150,81978.2641509434,81995.16981132075
evid00150,82372.52830188679,82389.43396226416
evid00150,86388.37735849057,86400.15094339622
evid00152,3.169811320754717,15.849056603773585
evid00152,6718.037735849057,6730.867924528302
evid00152,7131.320754716981,7143.8490566037735
evid00152,7781.584905660377,7793.962264150943
evid00152,8020.830188679245,8034.11320754717
evid00152,8264.301886792453,8280.452830188678
evid00152,8532.075471698114,8544.754716981131
evid00152,8808.0,8820.528301886792
evid00152,9535.094339622641,9551.396226415094
evid00152,9699.169811320755,9711.698113207547
evid00152,9820.528301886792,9833.056603773584
evid00152,10109.88679245283,10123.169811320755
evid00152,10830.037735849057,10842.566037735849
evid00152,11046.943396226416,11060.22641509434
evid00152,11590.943396226416,11604.22641509434
evid00152,11924.22641509434,11937.509433962265
evid00152,12212.528301886792,12224.905660377359
evid00152,12591.094339622641,12602.716981132075
evid00152,13370.11320754717,13382.792452830188
evid00152,14262.490566037735,14275.018867924528
evid00152,14415.849056603774,14428.377358490567
evid00152,14793.207547169812,14805.88679245283
evid00152,15310.490566037735,15322.566037735849
evid00152,15716.377358490567,15729.056603773584
evid00152,16198.037735849057,16210.566037735849
evid00152,17238.490566037737,17255.396226415094
evid00152,17723.169811320753,17734.33962264151
evid00152,17839.094339622643,17856.603773584906
evid00152,17937.509433962263,17950.79245283019
evid00152,18094.037735849055,18106.56603773585
evid00152,18205.88679245283,18219.169811320753
evid00152,18514.716981132075,18528.0
evid00152,18771.924528301886,18785.20754716981
evid00152,19081.811320754718,19098.716981132075
evid00152,19383.849056603773,19400.754716981133
evid00152,20139.169811320753,20152.45283018868
evid00152,20591.396226415094,20604.67924528302
evid00152,20733.735849056604,20746.264150943396
evid00152,20877.584905660377,20888.905660377357
evid00152,20897.056603773584,20909.88679245283
evid00152,21737.962264150945,21754.867924528302
evid00152,22423.094339622643,22435.77358490566
evid00152,22929.962264150945,22943.245283018867
evid00152,23006.490566037737,23019.471698113208
evid00152,23737.811320754718,23750.64150943396
evid00152,24111.396226415094,24124.377358490565
evid00152,24411.01886792453,24423.849056603773
evid00152,24598.64150943396,24611.471698113208
evid00152,24728.905660377357,24741.132075471698
evid00152,24990.943396226416,25003.622641509435
evid00152,25299.471698113208,25316.22641509434
evid00152,25480.754716981133,25497.35849056604
evid00152,27608.754716981133,27621.132075471698
evid00152,28076.98113207547,28090.264150943396
evid00152,28651.01886792453,28667.77358490566
evid00152,29611.77358490566,29624.754716981133
evid00152,29767.54716981132,29780.075471698114
evid00152,30021.584905660377,30033.962264150945
evid00152,30769.35849056604,30782.037735849055
evid00152,30848.45283018868,30860.98113207547
evid00152,30975.396226415094,30987.924528301886
evid00152,31261.584905660377,31273.962264150945
evid00152,31813.584905660377,31826.264150943396
evid00152,32523.622641509435,32536.30188679245
evid00152,32933.28301886792,32945.50943396227
evid00152,32982.79245283019,32995.16981132075
evid00152,33165.28301886792,33177.811320754714
evid00152,33372.377358490565,33384.90566037736
evid00152,33821.735849056604,33834.41509433962
evid00152,34363.32075471698,34376.0
evid00152,34592.75471698113,34605.43396226415
evid00152,34708.83018867925,34725.735849056604
evid00152,35152.45283018868,35165.1320754717
evid00152,35429.735849056604,35446.64150943396
evid00152,63327.84905660377,63343.24528301887
evid00152,64192.75471698113,64202.8679245283
evid00152,64279.698113207545,64298.71698113208
evid00152,64706.71698113208,64717.58490566038
evid00153,4964.528301886792,4976.603773584906
evid00153,40562.41509433962,40574.339622641506
evid00153,49968.301886792455,49990.79245283019
evid00153,50065.811320754714,50075.77358490566
evid00153,58471.24528301887,58483.622641509435
evid00153,59952.90566037736,59965.43396226415
evid00153,80686.94339622642,80699.32075471699
evid00153,80746.71698113208,80759.39622641509
evid00156,740.9811320754717,754.2641509433962
evid00156,958.9433962264151,969.9622641509434
evid00156,2153.3584905660377,2163.7735849056603
evid00156,3032.4528301886794,3042.566037735849
evid00156,6515.924528301887,6528.452830188679
evid00156,8496.0,8508.075471698114
evid00156,9036.528301886792,9052.528301886792
evid00156,9610.264150943396,9627.169811320755
evid00156,10846.641509433963,10857.056603773584
evid00156,11135.849056603774,11147.471698113208
evid00156,11224.0,11244.377358490567
evid00156,12870.037735849057,12886.943396226416
evid00156,25086.79245283019,25103.245283018867
evid00156,26649.962264150945,26660.22641509434
evid00156,26713.811320754718,26730.11320754717
evid00156,33279.54716981132,33292.377358490565
evid00156,49011.92452830189,49024.45283018868
evid00156,61005.1320754717,61017.35849056604
evid00156,61033.50943396227,61045.88679245283
evid00156,62866.41509433962,62883.018867924526
evid00156,67870.94339622642,67887.69811320755
evid00191,11678.641509433963,11689.811320754718
evid00191,11689.962264150943,11701.735849056604
evid00191,11914.867924528302,11932.377358490567
evid00191,14337.358490566037,14348.830188679245
evid00191,17624.905660377357,17636.377358490565
evid00191,21456.754716981133,21469.132075471698
evid00191,21513.509433962263,21526.037735849055
evid00191,85337.2075471698,85350.49056603774
evid00191,86180.07547169812,86192.45283018867
evid00191,86232.15094339622,86244.37735849057
evid00192,49511.24528301887,49522.56603773585
evid00196,47.54716981132076,60.528301886792455
evid00196,752.7547169811321,769.9622641509434
evid00196,1223.0943396226414,1234.867924528302
evid00196,2099.9245283018868,2110.943396226415
evid00196,3578.1132075471696,3594.1132075471696
evid00196,4105.358490566037,4122.264150943396
evid00196,4279.245283018868,4293.132075471698
evid00196,4366.792452830188,4376.754716981132
evid00196,5628.377358490566,5640.905660377359
evid00196,5700.981132075472,5713.811320754717
evid00196,6403.773584905661,6420.679245283019
evid00196,6563.169811320755,6579.773584905661
evid00196,6787.471698113208,6799.8490566037735
evid00196,6840.0,6852.528301886792
evid00196,7110.188679245283,7127.094339622641
evid00196,7500.981132075472,7512.905660377359
evid00196,8015.094339622641,8027.471698113208
evid00196,8209.509433962265,8226.415094339623
evid00196,9612.22641509434,9629.132075471698
evid00196,11905.056603773584,11924.528301886792
evid00196,12591.396226415094,12608.0
evid00196,26968.603773584906,26983.69811320755
evid00196,33001.35849056604,33014.64150943396
evid00196,34032.45283018868,34048.90566037736
evid00196,36340.67924528302,36356.67924528302
evid00196,38936.90566037736,38952.75471698113
evid00196,40113.50943396227,40130.11320754717
evid00196,40784.75471698113,40797.1320754717
evid00196,40840.90566037736,40853.43396226415
evid00196,41164.67924528302,41181.43396226415
evid00196,42281.811320754714,42297.811320754714
evid00196,43368.301886792455,43378.41509433962
evid00196,44189.58490566038,44202.11320754717
evid00196,48892.22641509434,48904.6037735849
evid00196,48948.981132075474,48961.660377358494
evid00196,49998.339622641506,50014.943396226416
evid00196,71877.7358490566,71890.71698113208
evid00196,71961.6603773585,71974.64150943396
evid00196,78750.3396226415,78766.94339622642
evid00198,2.1132075471698113,37.132075471698116
evid00198,162.56603773584905,172.52830188679246
evid00198,238.03773584905662,253.88679245283018
evid00198,308.37735849056605,326.64150943396226
evid00198,392.0,403.77358490566036
evid00198,403.92452830188677,416.75471698113205
evid00198,682.1132075471698,694.4905660377359
evid00198,748.5283018867924,766.0377358490566
evid00198,817.9622641509434,833.811320754717
evid00198,1073.2075471698113,1093.5849056603774
evid00198,2202.7169811320755,2212.6792452830186
evid00198,2649.3584905660377,2662.7924528301887
evid00198,2786.264150943396,2798.0377358490564
evid00198,2918.7924528301887,2941.2830188679245
evid00198,2998.3396226415093,3010.264150943396
evid00198,3051.0188679245284,3064.301886792453
evid00198,3182.7924528301887,3197.735849056604
evid00198,3261.433962264151,3277.2830188679245
evid00198,3352.301886792453,3372.2264150943397
evid00198,3520.603773584906,3531.622641509434
evid00198,3570.7169811320755,3582.6415094339623
evid00198,3797.5849056603774,3808.0
evid00198,3974.188679245283,3990.0377358490564
evid00198,4210.867924528302,4220.981132075472
evid00198,4264.452830188679,4276.528301886792
evid00198,4491.471698113208,4512.754716981132
evid00198,4590.490566037736,4602.415094339623
evid00198,5241.962264150943,5253.88679245283
evid00198,5350.33962264151,5362.264150943396
evid00198,5606.490566037736,5624.603773584906
evid00198,6025.811320754717,6037.735849056604
evid00198,6469.132075471698,6482.264150943396
evid00198,6675.018867924528,6690.867924528302
evid00198,6839.245283018868,6857.056603773585
evid00198,7019.773584905661,7038.188679245283
evid00198,7417.056603773585,7432.1509433962265
evid00198,7542.792452830188,7556.226415094339
evid00198,7846.641509433963,7865.811320754717
evid00198,8129.509433962264,8141.433962264151
evid00198,8451.169811320755,8466.264150943396
evid00198,8566.33962264151,8583.698113207547
evid00198,8716.528301886792,8729.056603773584
evid00198,8889.66037735849,8908.075471698114
evid00198,9276.075471698114,9287.396226415094
evid00198,9339.924528301886,9351.094339622641
evid00198,9513.207547169812,9523.471698113208
evid00198,9602.415094339623,9612.377358490567
evid00198,9791.547169811322,9805.735849056604
evid00198,21433.056603773584,21449.66037735849
evid00198,24207.69811320755,24224.603773584906
evid00198,25395.471698113208,25410.716981132075
evid00198,30567.094339622643,30579.924528301886
evid00198,30811.471698113208,30824.30188679245
evid00198,78779.47169811321,78792.0
evid00198,78836.37735849057,78849.2075471698
evid00198,79456.45283018867,79473.6603773585
evid00198,83255.09433962264,83270.18867924529
evid00198,84324.07547169812,84342.3396226415
evid00198,84476.22641509434,84487.69811320755
evid00198,85175.39622641509,85190.49056603774
evid00198,85239.84905660378,85252.37735849057
evid00198,86195.16981132075,86210.41509433962
evid00198,86358.3396226415,86396.52830188679
